gene,uniprot,assay_id,panel,source
A1BG,P04217,OID30771,Inflammation_II,Allen_AIFI_Olink
AAMDC,Q9H7C9,OID30236,Cardiometabolic_II,Allen_AIFI_Olink
AARSD1,Q9BTE6,OID21311,Oncology,Allen_AIFI_Olink
ABCA2,Q9BZC7,OID30146,Cardiometabolic_II,Allen_AIFI_Olink
ABHD14B,Q96IU4,OID20921,Neurology,Allen_AIFI_Olink
ABL1,P00519,OID21280,Oncology,Allen_AIFI_Olink
ABO,P16442,OID30675,Inflammation_II,Allen_AIFI_Olink
ABRAXAS2,Q15018,OID30130,Cardiometabolic_II,Allen_AIFI_Olink
ACAA1,P09110,OID21269,Oncology,Allen_AIFI_Olink
ACADM,P11310,OID31277,Oncology_II,Allen_AIFI_Olink
ACADSB,P45954,OID30356,Cardiometabolic_II,Allen_AIFI_Olink
ACAN,P16112,OID20159,Cardiometabolic,Allen_AIFI_Olink
ACE,P12821,OID30696,Inflammation_II,Allen_AIFI_Olink
ACE2,Q9BYF1,OID20105,Cardiometabolic,Allen_AIFI_Olink
ACHE,P22303,OID30585,Inflammation_II,Allen_AIFI_Olink
ACOT13,Q9NPJ3,OID31522,Oncology_II,Allen_AIFI_Olink
ACOX1,Q15067,OID20124,Cardiometabolic,Allen_AIFI_Olink
ACP1,P24666,OID30524,Inflammation_II,Allen_AIFI_Olink
ACP5,P13686,OID20314,Cardiometabolic,Allen_AIFI_Olink
ACP6,Q9NPH0,OID21432,Oncology,Allen_AIFI_Olink
ACRBP,Q8NEB7,OID31385,Oncology_II,Allen_AIFI_Olink
ACRV1,P26436,OID30513,Inflammation_II,Allen_AIFI_Olink
ACSL1,P33121,OID30080,Cardiometabolic_II,Allen_AIFI_Olink
ACTA2,P62736,OID20079,Cardiometabolic,Allen_AIFI_Olink
ACTN2,P35609,OID30192,Cardiometabolic_II,Allen_AIFI_Olink
ACTN4,O43707,OID20435,Inflammation,Allen_AIFI_Olink
ACVRL1,P37023,OID20999,Neurology,Allen_AIFI_Olink
ACY1,Q03154,OID20137,Cardiometabolic,Allen_AIFI_Olink
ACY3,Q96HD9,OID30086,Cardiometabolic_II,Allen_AIFI_Olink
ACYP1,P07311,OID30642,Inflammation_II,Allen_AIFI_Olink
ADA,P00813,OID20645,Inflammation,Allen_AIFI_Olink
ADA2,Q9NZK5,OID20394,Cardiometabolic,Allen_AIFI_Olink
ADAM12,O43184,OID30491,Inflammation_II,Allen_AIFI_Olink
ADAM15,Q13444,OID20109,Cardiometabolic,Allen_AIFI_Olink
ADAM22,Q9P0K1,OID21001,Neurology,Allen_AIFI_Olink
ADAM23,O75077,OID20651,Inflammation,Allen_AIFI_Olink
ADAM8,P78325,OID21039,Neurology,Allen_AIFI_Olink
ADAM9,Q13443,OID31488,Oncology_II,Allen_AIFI_Olink
ADAMTS1,Q9UHI8,OID30528,Inflammation_II,Allen_AIFI_Olink
ADAMTS13,Q76LX8,OID20249,Cardiometabolic,Allen_AIFI_Olink
ADAMTS15,Q8TE58,OID21275,Oncology,Allen_AIFI_Olink
ADAMTS16,Q8TE57,OID20089,Cardiometabolic,Allen_AIFI_Olink
ADAMTS4,O75173,OID30471,Inflammation_II,Allen_AIFI_Olink
ADAMTS8,Q9UP79,OID21502,Oncology,Allen_AIFI_Olink
ADAMTSL2,Q86TH1,OID30370,Cardiometabolic_II,Allen_AIFI_Olink
ADAMTSL4,Q6UY14,OID30275,Cardiometabolic_II,Allen_AIFI_Olink
ADAMTSL5,Q6ZMM2,OID30355,Cardiometabolic_II,Allen_AIFI_Olink
ADCYAP1R1,P41586,OID21188,Oncology,Allen_AIFI_Olink
ADD1,P35611,OID30655,Inflammation_II,Allen_AIFI_Olink
ADGRB3,O60242,OID20974,Neurology,Allen_AIFI_Olink
ADGRD1,Q6QNK2,OID30588,Inflammation_II,Allen_AIFI_Olink
ADGRE1,Q14246,OID31483,Oncology_II,Allen_AIFI_Olink
ADGRE2,Q9UHX3,OID20755,Inflammation,Allen_AIFI_Olink
ADGRE5,P48960,OID20260,Cardiometabolic,Allen_AIFI_Olink
ADGRF5,Q8IZF2,OID30349,Cardiometabolic_II,Allen_AIFI_Olink
ADGRG1,Q9Y653,OID21294,Oncology,Allen_AIFI_Olink
ADGRG2,Q8IZP9,OID20189,Cardiometabolic,Allen_AIFI_Olink
ADGRV1,Q8WXG9,OID30877,Neurology_II,Allen_AIFI_Olink
ADH1B,P00325,OID30612,Inflammation_II,Allen_AIFI_Olink
ADH4,P08319,OID20117,Cardiometabolic,Allen_AIFI_Olink
ADIPOQ,Q15848,OID30748,Inflammation_II,Allen_AIFI_Olink
ADM,P35318,OID21467,Oncology,Allen_AIFI_Olink
ADRA2A,P08913,OID30067,Cardiometabolic_II,Allen_AIFI_Olink
AFAP1,Q8N556,OID30569,Inflammation_II,Allen_AIFI_Olink
AFM,P43652,OID30741,Inflammation_II,Allen_AIFI_Olink
AFP,P02771,OID20978,Neurology,Allen_AIFI_Olink
AGBL2,Q5U5Z8,OID30793,Neurology_II,Allen_AIFI_Olink
AGER,Q15109,OID20756,Inflammation,Allen_AIFI_Olink
AGR2,O95994,OID20896,Neurology,Allen_AIFI_Olink
AGR3,Q8TD06,OID21243,Oncology,Allen_AIFI_Olink
AGRN,O00468,OID20786,Inflammation,Allen_AIFI_Olink
AGRP,O00253,OID20658,Inflammation,Allen_AIFI_Olink
AGT,P01019,OID30709,Inflammation_II,Allen_AIFI_Olink
AGXT,P21549,OID20139,Cardiometabolic,Allen_AIFI_Olink
AHCY,P23526,OID20199,Cardiometabolic,Allen_AIFI_Olink
AHNAK,Q09666,OID30260,Cardiometabolic_II,Allen_AIFI_Olink
AHNAK2,Q8IVF2,OID30244,Cardiometabolic_II,Allen_AIFI_Olink
AHSA1,O95433,OID31379,Oncology_II,Allen_AIFI_Olink
AHSG,P02765,OID30706,Inflammation_II,Allen_AIFI_Olink
AHSP,Q9NZD4,OID21078,Neurology,Allen_AIFI_Olink
AIDA,Q96BJ3,OID30956,Neurology_II,Allen_AIFI_Olink
AIF1,P55008,OID21234,Oncology,Allen_AIFI_Olink
AIF1L,Q9BQI0,OID30204,Cardiometabolic_II,Allen_AIFI_Olink
AIFM1,O95831,OID21287,Oncology,Allen_AIFI_Olink
AK1,P00568,OID20122,Cardiometabolic,Allen_AIFI_Olink
AK2,P54819,OID31142,Neurology_II,Allen_AIFI_Olink
AKAP12,Q02952,OID30571,Inflammation_II,Allen_AIFI_Olink
AKR1B1,P15121,OID21244,Oncology,Allen_AIFI_Olink
AKR1B10,O60218,OID30955,Neurology_II,Allen_AIFI_Olink
AKR1C4,P17516,OID20062,Cardiometabolic,Allen_AIFI_Olink
AKR7L,Q8NHP1,OID30488,Inflammation_II,Allen_AIFI_Olink
AKT1S1,Q96B36,OID20895,Neurology,Allen_AIFI_Olink
AKT2,P31751,OID31052,Neurology_II,Allen_AIFI_Olink
AKT3,Q9Y243,OID21197,Oncology,Allen_AIFI_Olink
ALCAM,Q13740,OID20273,Cardiometabolic,Allen_AIFI_Olink
ALDH1A1,P00352,OID21128,Neurology,Allen_AIFI_Olink
ALDH2,P05091,OID31380,Oncology_II,Allen_AIFI_Olink
ALDH3A1,P30838,OID20512,Inflammation,Allen_AIFI_Olink
ALDH5A1,P51649,OID31047,Neurology_II,Allen_AIFI_Olink
ALMS1,Q8TCU4,OID31275,Oncology_II,Allen_AIFI_Olink
ALPI,P09923,OID30497,Inflammation_II,Allen_AIFI_Olink
ALPP,P05187,OID21383,Oncology,Allen_AIFI_Olink
AMBN,Q9NP70,OID20437,Inflammation,Allen_AIFI_Olink
AMBP,P02760,OID21413,Oncology,Allen_AIFI_Olink
AMDHD2,Q9Y303,OID30366,Cardiometabolic_II,Allen_AIFI_Olink
AMFR,Q9UKV5,OID20806,Neurology,Allen_AIFI_Olink
AMIGO1,Q86WK6,OID30881,Neurology_II,Allen_AIFI_Olink
AMIGO2,Q86SJ2,OID21370,Oncology,Allen_AIFI_Olink
AMN,Q9BXJ7,OID20492,Inflammation,Allen_AIFI_Olink
AMOT,Q4VCS5,OID30572,Inflammation_II,Allen_AIFI_Olink
AMOTL2,Q9Y2J4,OID31351,Oncology_II,Allen_AIFI_Olink
AMPD3,Q01432,OID31139,Neurology_II,Allen_AIFI_Olink
AMY1A_AMY1B_AMY1C,P0DUB6_P0DTE7_P0DTE8,OID30707,Inflammation_II,Allen_AIFI_Olink
AMY2A,P04746,OID20333,Cardiometabolic,Allen_AIFI_Olink
AMY2B,P19961,OID20340,Cardiometabolic,Allen_AIFI_Olink
ANG,P03950,OID20403,Cardiometabolic,Allen_AIFI_Olink
ANGPT1,Q15389,OID20740,Inflammation,Allen_AIFI_Olink
ANGPT2,O15123,OID21463,Oncology,Allen_AIFI_Olink
ANGPTL1,O95841,OID20211,Cardiometabolic,Allen_AIFI_Olink
ANGPTL2,Q9UKU9,OID20726,Inflammation,Allen_AIFI_Olink
ANGPTL3,Q9Y5C1,OID20407,Cardiometabolic,Allen_AIFI_Olink
ANGPTL4,Q9BY76,OID20703,Inflammation,Allen_AIFI_Olink
ANGPTL7,O43827,OID21412,Oncology,Allen_AIFI_Olink
ANK2,Q01484,OID30161,Cardiometabolic_II,Allen_AIFI_Olink
ANKMY2,Q8IV38,OID30518,Inflammation_II,Allen_AIFI_Olink
ANKRA2,Q9H9E1,OID31173,Oncology_II,Allen_AIFI_Olink
ANKRD54,Q6NXT1,OID21162,Oncology,Allen_AIFI_Olink
ANP32C,O43423,OID30203,Cardiometabolic_II,Allen_AIFI_Olink
ANPEP,P15144,OID20350,Cardiometabolic,Allen_AIFI_Olink
ANXA1,P04083,OID30617,Inflammation_II,Allen_AIFI_Olink
ANXA10,Q9UJ72,OID20886,Neurology,Allen_AIFI_Olink
ANXA11,P50995,OID20583,Inflammation,Allen_AIFI_Olink
ANXA2,P07355,OID30263,Cardiometabolic_II,Allen_AIFI_Olink
ANXA3,P12429,OID21036,Neurology,Allen_AIFI_Olink
ANXA4,P09525,OID20123,Cardiometabolic,Allen_AIFI_Olink
ANXA5,P08758,OID20810,Neurology,Allen_AIFI_Olink
AOC1,P19801,OID20452,Inflammation,Allen_AIFI_Olink
AOC3,Q16853,OID20389,Cardiometabolic,Allen_AIFI_Olink
AP1G2,O75843,OID31348,Oncology_II,Allen_AIFI_Olink
AP2B1,P63010,OID30949,Neurology_II,Allen_AIFI_Olink
AP3B1,O00203,OID31478,Oncology_II,Allen_AIFI_Olink
AP3S2,P59780,OID31117,Neurology_II,Allen_AIFI_Olink
APBB1IP,Q7Z5R6,OID21359,Oncology,Allen_AIFI_Olink
APCS,P02743,OID30778,Inflammation_II,Allen_AIFI_Olink
APEX1,P27695,OID21434,Oncology,Allen_AIFI_Olink
APLP1,P51693,OID20164,Cardiometabolic,Allen_AIFI_Olink
APOA1,P02647,OID30769,Inflammation_II,Allen_AIFI_Olink
APOA2,P02652,OID30686,Inflammation_II,Allen_AIFI_Olink
APOA4,P06727,OID30733,Inflammation_II,Allen_AIFI_Olink
APOB,P04114,OID30673,Inflammation_II,Allen_AIFI_Olink
APOBR,Q0VD83,OID30246,Cardiometabolic_II,Allen_AIFI_Olink
APOC1,P02654,OID30749,Inflammation_II,Allen_AIFI_Olink
APOD,P05090,OID30746,Inflammation_II,Allen_AIFI_Olink
APOE,P02649,OID30727,Inflammation_II,Allen_AIFI_Olink
APOF,Q13790,OID30701,Inflammation_II,Allen_AIFI_Olink
APOH,P02749,OID21072,Neurology,Allen_AIFI_Olink
APOL1,O14791,OID30708,Inflammation_II,Allen_AIFI_Olink
APOM,O95445,OID20374,Cardiometabolic,Allen_AIFI_Olink
APP,P05067,OID21070,Neurology,Allen_AIFI_Olink
APPL2,Q8NEU8,OID30590,Inflammation_II,Allen_AIFI_Olink
APRT,P07741,OID20927,Neurology,Allen_AIFI_Olink
ARAF,P10398,OID31260,Oncology_II,Allen_AIFI_Olink
AREG,P15514,OID21357,Oncology,Allen_AIFI_Olink
ARF6,P62330,OID31523,Oncology_II,Allen_AIFI_Olink
ARFIP1,P53367,OID31024,Neurology_II,Allen_AIFI_Olink
ARG1,P05089,OID21445,Oncology,Allen_AIFI_Olink
ARG2,P78540,OID31339,Oncology_II,Allen_AIFI_Olink
ARHGAP1,Q07960,OID21202,Oncology,Allen_AIFI_Olink
ARHGAP25,P42331,OID21255,Oncology,Allen_AIFI_Olink
ARHGAP30,Q7Z6I6,OID31336,Oncology_II,Allen_AIFI_Olink
ARHGAP45,Q92619,OID30653,Inflammation_II,Allen_AIFI_Olink
ARHGAP5,Q13017,OID31190,Oncology_II,Allen_AIFI_Olink
ARHGEF1,Q92888,OID31133,Neurology_II,Allen_AIFI_Olink
ARHGEF10,O15013,OID30994,Neurology_II,Allen_AIFI_Olink
ARHGEF12,Q9NZN5,OID20554,Inflammation,Allen_AIFI_Olink
ARHGEF5,Q12774,OID30871,Neurology_II,Allen_AIFI_Olink
ARID3A,Q99856,OID30861,Neurology_II,Allen_AIFI_Olink
ARID4B,Q4LE39,OID20803,Neurology,Allen_AIFI_Olink
ARL13B,Q3SXY8,OID30166,Cardiometabolic_II,Allen_AIFI_Olink
ARL2BP,Q9Y2Y0,OID30121,Cardiometabolic_II,Allen_AIFI_Olink
ARMCX2,Q7L311,OID30792,Neurology_II,Allen_AIFI_Olink
ARNT,P27540,OID20432,Inflammation,Allen_AIFI_Olink
ARNTL,O00327,OID30168,Cardiometabolic_II,Allen_AIFI_Olink
ARSA,P15289,OID21138,Neurology,Allen_AIFI_Olink
ARSB,P15848,OID21331,Oncology,Allen_AIFI_Olink
ART3,Q13508,OID20346,Cardiometabolic,Allen_AIFI_Olink
ART5,Q96L15,OID30828,Neurology_II,Allen_AIFI_Olink
ARTN,Q5T4W7,OID20446,Inflammation,Allen_AIFI_Olink
ASAH1,Q13510,OID30415,Cardiometabolic_II,Allen_AIFI_Olink
ASAH2,Q9NR71,OID20996,Neurology,Allen_AIFI_Olink
ASGR1,P07306,OID20990,Neurology,Allen_AIFI_Olink
ASGR2,P07307,OID30679,Inflammation_II,Allen_AIFI_Olink
ASPN,Q9BXN1,OID30315,Cardiometabolic_II,Allen_AIFI_Olink
ASPSCR1,Q9BZE9,OID31055,Neurology_II,Allen_AIFI_Olink
ASRGL1,Q7L266,OID30283,Cardiometabolic_II,Allen_AIFI_Olink
ASS1,P00966,OID30170,Cardiometabolic_II,Allen_AIFI_Olink
ATF2,P15336,OID20798,Neurology,Allen_AIFI_Olink
ATF4,P18848,OID31162,Oncology_II,Allen_AIFI_Olink
ATG16L1,Q676U5,OID31466,Oncology_II,Allen_AIFI_Olink
ATG4A,Q8WYN0,OID21246,Oncology,Allen_AIFI_Olink
ATOX1,O00244,OID21476,Oncology,Allen_AIFI_Olink
ATP1B1,P05026,OID30124,Cardiometabolic_II,Allen_AIFI_Olink
ATP1B2,P14415,OID30118,Cardiometabolic_II,Allen_AIFI_Olink
ATP1B3,P54709,OID30065,Cardiometabolic_II,Allen_AIFI_Olink
ATP1B4,Q9UN42,OID31230,Oncology_II,Allen_AIFI_Olink
ATP2B4,P23634,OID30062,Cardiometabolic_II,Allen_AIFI_Olink
ATP5F1D,P30049,OID30079,Cardiometabolic_II,Allen_AIFI_Olink
ATP5IF1,Q9UII2,OID20760,Inflammation,Allen_AIFI_Olink
ATP5PO,P48047,OID20811,Neurology,Allen_AIFI_Olink
ATP6AP2,O75787,OID21178,Oncology,Allen_AIFI_Olink
ATP6V1D,Q9Y5K8,OID21341,Oncology,Allen_AIFI_Olink
ATP6V1F,Q16864,OID20843,Neurology,Allen_AIFI_Olink
ATP6V1G1,O75348,OID30242,Cardiometabolic_II,Allen_AIFI_Olink
ATP6V1G2,O95670,OID30167,Cardiometabolic_II,Allen_AIFI_Olink
ATRAID,Q6UW56,OID31451,Oncology_II,Allen_AIFI_Olink
ATRN,O75882-2,OID30735,Inflammation_II,Allen_AIFI_Olink
ATXN10,Q9UBB4,OID20865,Neurology,Allen_AIFI_Olink
ATXN2,Q99700,OID30850,Neurology_II,Allen_AIFI_Olink
ATXN2L,Q8WWM7,OID30980,Neurology_II,Allen_AIFI_Olink
ATXN3,P54252,OID31149,Neurology_II,Allen_AIFI_Olink
AXIN1,O15169,OID20582,Inflammation,Allen_AIFI_Olink
AXL,P30530,OID20363,Cardiometabolic,Allen_AIFI_Olink
AZI2,Q9H6S1,OID31056,Neurology_II,Allen_AIFI_Olink
AZU1,P20160,OID20309,Cardiometabolic,Allen_AIFI_Olink
B2M,P61769,OID30725,Inflammation_II,Allen_AIFI_Olink
B3GAT3,O94766,OID30165,Cardiometabolic_II,Allen_AIFI_Olink
B3GNT7,Q8NFL0,OID30281,Cardiometabolic_II,Allen_AIFI_Olink
B4GALT1,P15291,OID20780,Inflammation,Allen_AIFI_Olink
B4GAT1,O43505,OID21127,Neurology,Allen_AIFI_Olink
BABAM1,Q9NWV8,OID30466,Inflammation_II,Allen_AIFI_Olink
BACH1,O14867,OID20505,Inflammation,Allen_AIFI_Olink
BAG3,O95817,OID20972,Neurology,Allen_AIFI_Olink
BAG4,O95429,OID30474,Inflammation_II,Allen_AIFI_Olink
BAG6,P46379,OID20114,Cardiometabolic,Allen_AIFI_Olink
BAIAP2,Q9UQB8,OID21250,Oncology,Allen_AIFI_Olink
BAMBI,Q13145,OID21267,Oncology,Allen_AIFI_Olink
BANK1,Q8NDB2,OID20594,Inflammation,Allen_AIFI_Olink
BAP18,Q8IXM2,OID31150,Neurology_II,Allen_AIFI_Olink
BATF,Q16520,OID30896,Neurology_II,Allen_AIFI_Olink
BAX,Q07812,OID20856,Neurology,Allen_AIFI_Olink
BCAM,P50895,OID21076,Neurology,Allen_AIFI_Olink
BCAN,Q96GW7,OID20998,Neurology,Allen_AIFI_Olink
BCAT1,P54687,OID30312,Cardiometabolic_II,Allen_AIFI_Olink
BCAT2,O15382,OID30844,Neurology_II,Allen_AIFI_Olink
BCHE,P06276,OID30717,Inflammation_II,Allen_AIFI_Olink
BCL2,P10415,OID31454,Oncology_II,Allen_AIFI_Olink
BCL2L1,Q07817,OID31152,Neurology_II,Allen_AIFI_Olink
BCL2L11,O43521-2,OID20513,Inflammation,Allen_AIFI_Olink
BCL2L15,Q5TBC7,OID30498,Inflammation_II,Allen_AIFI_Olink
BCL7A,Q4VC05,OID31218,Oncology_II,Allen_AIFI_Olink
BCL7B,Q9BQE9,OID31421,Oncology_II,Allen_AIFI_Olink
BCR,P11274,OID20558,Inflammation,Allen_AIFI_Olink
BDNF,P23560,OID30373,Cardiometabolic_II,Allen_AIFI_Olink
BECN1,Q14457,OID30220,Cardiometabolic_II,Allen_AIFI_Olink
BEX3,Q00994,OID31202,Oncology_II,Allen_AIFI_Olink
BGLAP,P02818,OID30389,Cardiometabolic_II,Allen_AIFI_Olink
BGN,P21810,OID21198,Oncology,Allen_AIFI_Olink
BHLHE40,O14503,OID30873,Neurology_II,Allen_AIFI_Olink
BHMT2,Q9H2M3,OID30051,Cardiometabolic_II,Allen_AIFI_Olink
BID,P55957,OID20517,Inflammation,Allen_AIFI_Olink
BIN2,Q9UBW5,OID21067,Neurology,Allen_AIFI_Olink
BIRC2,Q13490,OID21217,Oncology,Allen_AIFI_Olink
BLMH,Q13867,OID20336,Cardiometabolic,Allen_AIFI_Olink
BLNK,Q8WV28,OID30541,Inflammation_II,Allen_AIFI_Olink
BLOC1S2,Q6QNY1,OID30856,Neurology_II,Allen_AIFI_Olink
BLOC1S3,Q6QNY0,OID31106,Neurology_II,Allen_AIFI_Olink
BLVRB,P30043,OID21141,Neurology,Allen_AIFI_Olink
BMP10,O95393,OID30575,Inflammation_II,Allen_AIFI_Olink
BMP4,P12644,OID20994,Neurology,Allen_AIFI_Olink
BMP6,P22004,OID20111,Cardiometabolic,Allen_AIFI_Olink
BMPER,Q8N8U9,OID30615,Inflammation_II,Allen_AIFI_Olink
BNIP2,Q12982,OID30292,Cardiometabolic_II,Allen_AIFI_Olink
BNIP3L,O60238,OID30525,Inflammation_II,Allen_AIFI_Olink
BOC,Q9BWV1,OID20116,Cardiometabolic,Allen_AIFI_Olink
BOLA1,Q9Y3E2,OID30837,Neurology_II,Allen_AIFI_Olink
BOLA2_BOLA2B,Q9H3K6,OID30267,Cardiometabolic_II,Allen_AIFI_Olink
BPIFA2,Q96DR5,OID30279,Cardiometabolic_II,Allen_AIFI_Olink
BPIFB1,Q8TDL5,OID20308,Cardiometabolic,Allen_AIFI_Olink
BPIFB2,Q8N4F0,OID30311,Cardiometabolic_II,Allen_AIFI_Olink
BRAP,Q7Z569,OID31506,Oncology_II,Allen_AIFI_Olink
BRD1,O95696,OID31259,Oncology_II,Allen_AIFI_Olink
BRD2,P25440,OID30826,Neurology_II,Allen_AIFI_Olink
BRD3,Q15059,OID30093,Cardiometabolic_II,Allen_AIFI_Olink
BRDT,Q58F21,OID30179,Cardiometabolic_II,Allen_AIFI_Olink
BRK1,Q8WUW1,OID20883,Neurology,Allen_AIFI_Olink
BRME1,Q0VDD7,OID30847,Neurology_II,Allen_AIFI_Olink
BRSK2,Q8IWQ3,OID31042,Neurology_II,Allen_AIFI_Olink
BSG,P35613,OID20626,Inflammation,Allen_AIFI_Olink
BSND,Q8WZ55,OID31184,Oncology_II,Allen_AIFI_Olink
BST1,Q10588,OID21051,Neurology,Allen_AIFI_Olink
BST2,Q10589,OID21029,Neurology,Allen_AIFI_Olink
BTC,P35070,OID21199,Oncology,Allen_AIFI_Olink
BTD,P43251,OID30754,Inflammation_II,Allen_AIFI_Olink
BTLA,Q7Z6A9,OID31237,Oncology_II,Allen_AIFI_Olink
BTN1A1,Q13410,OID31363,Oncology_II,Allen_AIFI_Olink
BTN2A1,Q7KYR7,OID20713,Inflammation,Allen_AIFI_Olink
BTN3A2,P78410,OID20540,Inflammation,Allen_AIFI_Olink
BTNL10,A8MVZ5,OID31196,Oncology_II,Allen_AIFI_Olink
C19orf12,Q9NSK7,OID20804,Neurology,Allen_AIFI_Olink
C1GALT1C1,Q96EU7,OID30180,Cardiometabolic_II,Allen_AIFI_Olink
C1QA,P02745,OID20654,Inflammation,Allen_AIFI_Olink
C1QBP,Q07021,OID31007,Neurology_II,Allen_AIFI_Olink
C1QL2,Q7Z5L3,OID30515,Inflammation_II,Allen_AIFI_Olink
C1QTNF1,Q9BXJ1,OID20367,Cardiometabolic,Allen_AIFI_Olink
C1QTNF5,Q9BXJ0,OID30618,Inflammation_II,Allen_AIFI_Olink
C1QTNF6,Q9BXI9,OID31049,Neurology_II,Allen_AIFI_Olink
C1QTNF9,P0C862,OID30620,Inflammation_II,Allen_AIFI_Olink
C1R,P00736,OID30753,Inflammation_II,Allen_AIFI_Olink
C1RL,Q9NZP8,OID30721,Inflammation_II,Allen_AIFI_Olink
C1S,P09871,OID30731,Inflammation_II,Allen_AIFI_Olink
C2,P06681,OID20410,Cardiometabolic,Allen_AIFI_Olink
C2CD2L,O14523,OID20864,Neurology,Allen_AIFI_Olink
C2orf69,Q8N8R5,OID30883,Neurology_II,Allen_AIFI_Olink
C3,P01024,OID30776,Inflammation_II,Allen_AIFI_Olink
C4BPB,P20851,OID21481,Oncology,Allen_AIFI_Olink
C5,P01031,OID30744,Inflammation_II,Allen_AIFI_Olink
C7,P10643,OID30766,Inflammation_II,Allen_AIFI_Olink
C7orf50,Q9BRJ6,OID31095,Neurology_II,Allen_AIFI_Olink
C8B,P07358,OID30719,Inflammation_II,Allen_AIFI_Olink
C9,P02748,OID30698,Inflammation_II,Allen_AIFI_Olink
C9orf40,Q8IXQ3,OID31489,Oncology_II,Allen_AIFI_Olink
CA1,P00915,OID20409,Cardiometabolic,Allen_AIFI_Olink
CA11,O75493,OID21195,Oncology,Allen_AIFI_Olink
CA12,O43570,OID21344,Oncology,Allen_AIFI_Olink
CA13,Q8N1Q1,OID20225,Cardiometabolic,Allen_AIFI_Olink
CA14,Q9ULX7,OID21401,Oncology,Allen_AIFI_Olink
CA2,P00918,OID21149,Neurology,Allen_AIFI_Olink
CA3,P07451,OID20271,Cardiometabolic,Allen_AIFI_Olink
CA4,P22748,OID20241,Cardiometabolic,Allen_AIFI_Olink
CA5A,P35218,OID20075,Cardiometabolic,Allen_AIFI_Olink
CA6,P23280,OID21096,Neurology,Allen_AIFI_Olink
CA7,P43166,OID31265,Oncology_II,Allen_AIFI_Olink
CA8,P35219,OID30482,Inflammation_II,Allen_AIFI_Olink
CA9,Q16790,OID21417,Oncology,Allen_AIFI_Olink
CABP2,Q9NPB3,OID30916,Neurology_II,Allen_AIFI_Olink
CACNA1C,Q13936,OID30840,Neurology_II,Allen_AIFI_Olink
CACNA1H,O95180,OID30064,Cardiometabolic_II,Allen_AIFI_Olink
CACNB1,Q02641,OID30820,Neurology_II,Allen_AIFI_Olink
CACNB3,P54284,OID31039,Neurology_II,Allen_AIFI_Olink
CACYBP,Q9HB71,OID30649,Inflammation_II,Allen_AIFI_Olink
CADPS,Q9ULU8,OID30915,Neurology_II,Allen_AIFI_Olink
CALB1,P05937,OID21306,Oncology,Allen_AIFI_Olink
CALB2,P22676,OID20801,Neurology,Allen_AIFI_Olink
CALCA,P01258,OID20983,Neurology,Allen_AIFI_Olink
CALCB,P10092,OID31100,Neurology_II,Allen_AIFI_Olink
CALCOCO1,Q9P1Z2,OID21387,Oncology,Allen_AIFI_Olink
CALCOCO2,Q13137,OID30249,Cardiometabolic_II,Allen_AIFI_Olink
CALY,Q9NYX4,OID30144,Cardiometabolic_II,Allen_AIFI_Olink
CAMKK1,Q8N5S9,OID21182,Oncology,Allen_AIFI_Olink
CAMLG,P49069,OID30952,Neurology_II,Allen_AIFI_Olink
CAMSAP1,Q5T5Y3,OID31070,Neurology_II,Allen_AIFI_Olink
CANT1,Q8WVQ1,OID20181,Cardiometabolic,Allen_AIFI_Olink
CAPG,P40121,OID21431,Oncology,Allen_AIFI_Olink
CAPN3,P20807,OID31384,Oncology_II,Allen_AIFI_Olink
CAPS,Q13938,OID31126,Neurology_II,Allen_AIFI_Olink
CARHSP1,Q9Y2V2,OID20859,Neurology,Allen_AIFI_Olink
CASC3,O15234,OID30921,Neurology_II,Allen_AIFI_Olink
CASC4,Q6P4E1,OID21044,Neurology,Allen_AIFI_Olink
CASP1,P29466,OID20854,Neurology,Allen_AIFI_Olink
CASP10,Q92851,OID20893,Neurology,Allen_AIFI_Olink
CASP2,P42575,OID20555,Inflammation,Allen_AIFI_Olink
CASP3,P42574,OID20305,Cardiometabolic,Allen_AIFI_Olink
CASP4,P49662,OID31276,Oncology_II,Allen_AIFI_Olink
CASP7,P55210,OID31135,Neurology_II,Allen_AIFI_Olink
CASP8,Q14790,OID21414,Oncology,Allen_AIFI_Olink
CASP9,P55211,OID30530,Inflammation_II,Allen_AIFI_Olink
CASQ2,O14958,OID30063,Cardiometabolic_II,Allen_AIFI_Olink
CAT,P04040,OID30712,Inflammation_II,Allen_AIFI_Olink
CBLIF,P27352,OID20179,Cardiometabolic,Allen_AIFI_Olink
CBLN1,P23435,OID30851,Neurology_II,Allen_AIFI_Olink
CBLN4,Q9NTU7,OID21386,Oncology,Allen_AIFI_Olink
CBS,P35520,OID30200,Cardiometabolic_II,Allen_AIFI_Olink
CBX2,Q14781,OID30177,Cardiometabolic_II,Allen_AIFI_Olink
CC2D1A,Q6P1N0,OID20958,Neurology,Allen_AIFI_Olink
CCAR2,Q8N163,OID31077,Neurology_II,Allen_AIFI_Olink
CCDC134,Q9H6E4,OID31413,Oncology_II,Allen_AIFI_Olink
CCDC28A,Q8IWP9,OID30973,Neurology_II,Allen_AIFI_Olink
CCDC50,Q8IVM0,OID31001,Neurology_II,Allen_AIFI_Olink
CCDC80,Q76M96,OID20226,Cardiometabolic,Allen_AIFI_Olink
CCER2,I3L3R5,OID30221,Cardiometabolic_II,Allen_AIFI_Olink
CCL11,P51671,OID20668,Inflammation,Allen_AIFI_Olink
CCL13,Q99616,OID20655,Inflammation,Allen_AIFI_Olink
CCL14,Q16627,OID20401,Cardiometabolic,Allen_AIFI_Olink
CCL15,Q16663,OID20328,Cardiometabolic,Allen_AIFI_Olink
CCL16,O15467,OID20334,Cardiometabolic,Allen_AIFI_Olink
CCL17,Q92583,OID20745,Inflammation,Allen_AIFI_Olink
CCL18,P55774,OID20395,Cardiometabolic,Allen_AIFI_Olink
CCL19,Q99731,OID21030,Neurology,Allen_AIFI_Olink
CCL2,P13500,OID21004,Neurology,Allen_AIFI_Olink
CCL20,P78556,OID20671,Inflammation,Allen_AIFI_Olink
CCL21,O00585,OID20686,Inflammation,Allen_AIFI_Olink
CCL22,O00626,OID20765,Inflammation,Allen_AIFI_Olink
CCL23,P55773,OID20693,Inflammation,Allen_AIFI_Olink
CCL24,O00175,OID20772,Inflammation,Allen_AIFI_Olink
CCL25,O15444,OID20674,Inflammation,Allen_AIFI_Olink
CCL26,Q9Y258,OID20546,Inflammation,Allen_AIFI_Olink
CCL27,Q9Y4X3,OID20121,Cardiometabolic,Allen_AIFI_Olink
CCL28,Q9NRJ3,OID20569,Inflammation,Allen_AIFI_Olink
CCL3,P10147,OID20610,Inflammation,Allen_AIFI_Olink
CCL4,P13236,OID20695,Inflammation,Allen_AIFI_Olink
CCL5,P13501,OID20412,Cardiometabolic,Allen_AIFI_Olink
CCL7,P80098,OID20523,Inflammation,Allen_AIFI_Olink
CCL8,P80075,OID21466,Oncology,Allen_AIFI_Olink
CCN1,O00622,OID21368,Oncology,Allen_AIFI_Olink
CCN2,P29279,OID20709,Inflammation,Allen_AIFI_Olink
CCN3,P48745,OID20299,Cardiometabolic,Allen_AIFI_Olink
CCN4,O95388,OID21444,Oncology,Allen_AIFI_Olink
CCN5,O76076,OID21068,Neurology,Allen_AIFI_Olink
CCND2,P30279,OID31316,Oncology_II,Allen_AIFI_Olink
CCNE1,P24864,OID30456,Inflammation_II,Allen_AIFI_Olink
CCS,O14618,OID20973,Neurology,Allen_AIFI_Olink
CCT5,P48643,OID21200,Oncology,Allen_AIFI_Olink
CD101,Q93033,OID31480,Oncology_II,Allen_AIFI_Olink
CD109,Q6YHK3,OID21108,Neurology,Allen_AIFI_Olink
CD14,P08571,OID20378,Cardiometabolic,Allen_AIFI_Olink
CD160,O95971,OID20647,Inflammation,Allen_AIFI_Olink
CD163,Q86VB7,OID20360,Cardiometabolic,Allen_AIFI_Olink
CD164,Q04900,OID21080,Neurology,Allen_AIFI_Olink
CD164L2,Q6UWJ8,OID30922,Neurology_II,Allen_AIFI_Olink
CD177,Q8N6Q3,OID21119,Neurology,Allen_AIFI_Olink
CD1C,P29017,OID21483,Oncology,Allen_AIFI_Olink
CD2,P06729,OID30097,Cardiometabolic_II,Allen_AIFI_Olink
CD200,P41217,OID20603,Inflammation,Allen_AIFI_Olink
CD200R1,Q8TD46,OID20595,Inflammation,Allen_AIFI_Olink
CD207,Q9UJ71,OID21298,Oncology,Allen_AIFI_Olink
CD209,Q9NNX6,OID20262,Cardiometabolic,Allen_AIFI_Olink
CD22,P20273,OID20637,Inflammation,Allen_AIFI_Olink
CD226,Q15762,OID30556,Inflammation_II,Allen_AIFI_Olink
CD244,Q9BZW8,OID20628,Inflammation,Allen_AIFI_Olink
CD248,Q9HCU0,OID30394,Cardiometabolic_II,Allen_AIFI_Olink
CD27,P26842,OID21527,Oncology,Allen_AIFI_Olink
CD274,Q9NZQ7,OID20966,Neurology,Allen_AIFI_Olink
CD276,Q5ZPR3,OID20680,Inflammation,Allen_AIFI_Olink
CD28,P10747,OID21265,Oncology,Allen_AIFI_Olink
CD2AP,Q9Y5K6,OID20177,Cardiometabolic,Allen_AIFI_Olink
CD300A,Q9UGN4,OID30576,Inflammation_II,Allen_AIFI_Olink
CD300C,Q08708,OID21010,Neurology,Allen_AIFI_Olink
CD300E,Q496F6,OID21418,Oncology,Allen_AIFI_Olink
CD300LF,Q8TDQ1,OID21469,Oncology,Allen_AIFI_Olink
CD300LG,Q6UXG3,OID21130,Neurology,Allen_AIFI_Olink
CD302,Q8IX05,OID21328,Oncology,Allen_AIFI_Olink
CD33,P20138,OID21472,Oncology,Allen_AIFI_Olink
CD34,P28906,OID21025,Neurology,Allen_AIFI_Olink
CD36,P16671,OID30485,Inflammation_II,Allen_AIFI_Olink
CD38,P28907,OID21316,Oncology,Allen_AIFI_Olink
CD3D,P04234,OID30827,Neurology_II,Allen_AIFI_Olink
CD3E,P07766,OID31302,Oncology_II,Allen_AIFI_Olink
CD3G,P09693,OID30448,Inflammation_II,Allen_AIFI_Olink
CD4,P01730,OID20584,Inflammation,Allen_AIFI_Olink
CD40,P25942,OID20724,Inflammation,Allen_AIFI_Olink
CD40LG,P29965,OID20616,Inflammation,Allen_AIFI_Olink
CD46,P15529,OID20380,Cardiometabolic,Allen_AIFI_Olink
CD48,P09326,OID20692,Inflammation,Allen_AIFI_Olink
CD5,P06127,OID21449,Oncology,Allen_AIFI_Olink
CD55,P08174,OID20377,Cardiometabolic,Allen_AIFI_Olink
CD58,P19256,OID20716,Inflammation,Allen_AIFI_Olink
CD59,P13987,OID20339,Cardiometabolic,Allen_AIFI_Olink
CD5L,O43866,OID30775,Inflammation_II,Allen_AIFI_Olink
CD6,P30203,OID20649,Inflammation,Allen_AIFI_Olink
CD63,P08962,OID20988,Neurology,Allen_AIFI_Olink
CD69,Q07108,OID20206,Cardiometabolic,Allen_AIFI_Olink
CD7,P09564,OID30543,Inflammation_II,Allen_AIFI_Olink
CD70,P32970,OID20599,Inflammation,Allen_AIFI_Olink
CD72,P21854,OID30641,Inflammation_II,Allen_AIFI_Olink
CD74,P04233,OID21040,Neurology,Allen_AIFI_Olink
CD79B,P40259,OID20635,Inflammation,Allen_AIFI_Olink
CD80,P33681,OID30291,Cardiometabolic_II,Allen_AIFI_Olink
CD82,P27701,OID31256,Oncology_II,Allen_AIFI_Olink
CD83,Q01151,OID20565,Inflammation,Allen_AIFI_Olink
CD84,Q9UIB8,OID20607,Inflammation,Allen_AIFI_Olink
CD86,P42081,OID31500,Oncology_II,Allen_AIFI_Olink
CD8A,P01732,OID21018,Neurology,Allen_AIFI_Olink
CD93,Q9NPY3,OID20397,Cardiometabolic,Allen_AIFI_Olink
CD97,P48960,OID20260,Cardiometabolic,Allen_AIFI_Olink
CD99,P14209,OID21110,Neurology,Allen_AIFI_Olink
CD99L2,Q8TCZ2,OID21122,Neurology,Allen_AIFI_Olink
CDA,P32320,OID30345,Cardiometabolic_II,Allen_AIFI_Olink
CDAN1,Q8IWY9,OID31076,Neurology_II,Allen_AIFI_Olink
CDC123,O75794,OID31242,Oncology_II,Allen_AIFI_Olink
CDC25A,P30304,OID31189,Oncology_II,Allen_AIFI_Olink
CDC26,Q8NHZ8,OID31508,Oncology_II,Allen_AIFI_Olink
CDC27,P30260,OID21238,Oncology,Allen_AIFI_Olink
CDC37,Q16543,OID21470,Oncology,Allen_AIFI_Olink
CDC42BPB,Q9Y5S2,OID31485,Oncology_II,Allen_AIFI_Olink
CDCP1,Q9H5V8,OID20940,Neurology,Allen_AIFI_Olink
CDH1,P12830,OID20353,Cardiometabolic,Allen_AIFI_Olink
CDH15,P55291,OID21005,Neurology,Allen_AIFI_Olink
CDH17,Q12864,OID20134,Cardiometabolic,Allen_AIFI_Olink
CDH2,P19022,OID20170,Cardiometabolic,Allen_AIFI_Olink
CDH22,Q9UJ99,OID31332,Oncology_II,Allen_AIFI_Olink
CDH23,Q9H251,OID31074,Neurology_II,Allen_AIFI_Olink
CDH3,P22223,OID21008,Neurology,Allen_AIFI_Olink
CDH4,P55283,OID30875,Neurology_II,Allen_AIFI_Olink
CDH5,P33151,OID20243,Cardiometabolic,Allen_AIFI_Olink
CDH6,P55285,OID20157,Cardiometabolic,Allen_AIFI_Olink
CDHR1,Q96JP9,OID20808,Neurology,Allen_AIFI_Olink
CDHR2,Q9BYE9,OID21282,Oncology,Allen_AIFI_Olink
CDHR5,Q9HBB8,OID20193,Cardiometabolic,Allen_AIFI_Olink
CDK1,P06493,OID31164,Oncology_II,Allen_AIFI_Olink
CDK5RAP3,Q96JB5,OID30985,Neurology_II,Allen_AIFI_Olink
CDKL5,O76039,OID30796,Neurology_II,Allen_AIFI_Olink
CDKN1A,P38936,OID21319,Oncology,Allen_AIFI_Olink
CDKN2D,P55273,OID21295,Oncology,Allen_AIFI_Olink
CDNF,Q49AH0,OID21318,Oncology,Allen_AIFI_Olink
CDON,Q4KMG0,OID20754,Inflammation,Allen_AIFI_Olink
CDSN,Q15517,OID20667,Inflammation,Allen_AIFI_Olink
CEACAM1,P13688,OID21528,Oncology,Allen_AIFI_Olink
CEACAM16,Q2WEN9,OID31495,Oncology_II,Allen_AIFI_Olink
CEACAM18,A8MTB9,OID31251,Oncology_II,Allen_AIFI_Olink
CEACAM19,Q7Z692,OID31443,Oncology_II,Allen_AIFI_Olink
CEACAM20,Q6UY09,OID31308,Oncology_II,Allen_AIFI_Olink
CEACAM21,Q3KPI0,OID20548,Inflammation,Allen_AIFI_Olink
CEACAM3,P40198,OID21245,Oncology,Allen_AIFI_Olink
CEACAM5,P06731,OID21171,Oncology,Allen_AIFI_Olink
CEACAM6,P40199,OID30362,Cardiometabolic_II,Allen_AIFI_Olink
CEACAM8,P31997,OID20102,Cardiometabolic,Allen_AIFI_Olink
CEBPA,P49715,OID30458,Inflammation_II,Allen_AIFI_Olink
CEBPB,P17676,OID20052,Cardiometabolic,Allen_AIFI_Olink
CELA2A,P08217,OID30411,Cardiometabolic_II,Allen_AIFI_Olink
CELA3A,P09093,OID20298,Cardiometabolic,Allen_AIFI_Olink
CELSR2,Q9HCU4,OID30593,Inflammation_II,Allen_AIFI_Olink
CEMIP2,Q9UHN6,OID30499,Inflammation_II,Allen_AIFI_Olink
CEND1,Q8N111,OID30821,Neurology_II,Allen_AIFI_Olink
CENPF,P49454,OID31329,Oncology_II,Allen_AIFI_Olink
CENPJ,Q9HC77,OID31314,Oncology_II,Allen_AIFI_Olink
CEP112,Q8N8E3,OID30115,Cardiometabolic_II,Allen_AIFI_Olink
CEP152,O94986,OID31249,Oncology_II,Allen_AIFI_Olink
CEP164,Q9UPV0,OID20441,Inflammation,Allen_AIFI_Olink
CEP170,Q5SW79,OID30240,Cardiometabolic_II,Allen_AIFI_Olink
CEP20,Q96NB1,OID21209,Oncology,Allen_AIFI_Olink
CEP290,O15078,OID31287,Oncology_II,Allen_AIFI_Olink
CEP350,Q5VT06,OID31247,Oncology_II,Allen_AIFI_Olink
CEP43,O95684,OID20084,Cardiometabolic,Allen_AIFI_Olink
CEP85,Q6P2H3,OID21241,Oncology,Allen_AIFI_Olink
CERT,Q9Y5P4,OID20857,Neurology,Allen_AIFI_Olink
CERT1,Q9Y5P4,OID20857,Neurology,Allen_AIFI_Olink
CES1,P23141,OID20244,Cardiometabolic,Allen_AIFI_Olink
CES2,O00748,OID21366,Oncology,Allen_AIFI_Olink
CES3,Q6UWW8,OID21340,Oncology,Allen_AIFI_Olink
CETN2,P41208,OID20836,Neurology,Allen_AIFI_Olink
CETN3,O15182,OID31525,Oncology_II,Allen_AIFI_Olink
CFB,P00751,OID30755,Inflammation_II,Allen_AIFI_Olink
CFC1,P0CG37,OID21261,Oncology,Allen_AIFI_Olink
CFD,P00746,OID30738,Inflammation_II,Allen_AIFI_Olink
CFH,P08603,OID30790,Inflammation_II,Allen_AIFI_Olink
CFHR2,P36980,OID30720,Inflammation_II,Allen_AIFI_Olink
CFHR4,Q92496,OID30758,Inflammation_II,Allen_AIFI_Olink
CFHR5,Q9BXR6,OID30716,Inflammation_II,Allen_AIFI_Olink
CFI,P05156,OID30772,Inflammation_II,Allen_AIFI_Olink
CFP,P27918,OID30784,Inflammation_II,Allen_AIFI_Olink
CGA,P01215,OID21069,Neurology,Allen_AIFI_Olink
CGB3_CGB5_CGB8,P0DN86,OID30671,Inflammation_II,Allen_AIFI_Olink
CGN,Q9P2M7,OID30894,Neurology_II,Allen_AIFI_Olink
CGREF1,Q99674,OID20152,Cardiometabolic,Allen_AIFI_Olink
CHAC2,Q8WUX2,OID21230,Oncology,Allen_AIFI_Olink
CHAD,O15335,OID30660,Inflammation_II,Allen_AIFI_Olink
CHCHD10,Q8WYQ3,OID31116,Neurology_II,Allen_AIFI_Olink
CHCHD6,Q9BRQ6,OID31426,Oncology_II,Allen_AIFI_Olink
CHEK2,O96017,OID20054,Cardiometabolic,Allen_AIFI_Olink
CHGA,P10645,OID30403,Cardiometabolic_II,Allen_AIFI_Olink
CHGB,P05060,OID21038,Neurology,Allen_AIFI_Olink
CHI3L1,P36222,OID20399,Cardiometabolic,Allen_AIFI_Olink
CHIT1,Q13231,OID20312,Cardiometabolic,Allen_AIFI_Olink
CHL1,O00533,OID20366,Cardiometabolic,Allen_AIFI_Olink
CHM,P24386,OID30972,Neurology_II,Allen_AIFI_Olink
CHMP1A,Q9HD42,OID20930,Neurology,Allen_AIFI_Olink
CHMP6,Q96FZ7,OID30327,Cardiometabolic_II,Allen_AIFI_Olink
CHP1,Q99653,OID30869,Neurology_II,Allen_AIFI_Olink
CHRDL1,Q9BU40,OID20771,Inflammation,Allen_AIFI_Olink
CHRDL2,Q6WN34,OID20223,Cardiometabolic,Allen_AIFI_Olink
CHRM1,P11229,OID30930,Neurology_II,Allen_AIFI_Olink
CIAPIN1,Q6FI81,OID21501,Oncology,Allen_AIFI_Olink
CILP,O75339,OID30399,Cardiometabolic_II,Allen_AIFI_Olink
CINP,Q9BW66,OID31328,Oncology_II,Allen_AIFI_Olink
CIRBP,Q14011,OID31503,Oncology_II,Allen_AIFI_Olink
CIT,O14578,OID30970,Neurology_II,Allen_AIFI_Olink
CKAP4,Q07065,OID20617,Inflammation,Allen_AIFI_Olink
CKB,P12277,OID30400,Cardiometabolic_II,Allen_AIFI_Olink
CKMT1A_CKMT1B,P12532,OID20721,Inflammation,Allen_AIFI_Olink
CLASP1,Q7Z460,OID31192,Oncology_II,Allen_AIFI_Olink
CLC,Q05315,OID20126,Cardiometabolic,Allen_AIFI_Olink
CLEC10A,Q8IUN9,OID20928,Neurology,Allen_AIFI_Olink
CLEC11A,Q9Y240,OID21112,Neurology,Allen_AIFI_Olink
CLEC12A,Q5QGZ9,OID30552,Inflammation_II,Allen_AIFI_Olink
CLEC14A,Q86T13,OID21090,Neurology,Allen_AIFI_Olink
CLEC1A,Q8NC01,OID20099,Cardiometabolic,Allen_AIFI_Olink
CLEC1B,Q9P126,OID21061,Neurology,Allen_AIFI_Olink
CLEC2L,P0C7M8,OID30884,Neurology_II,Allen_AIFI_Olink
CLEC3B,P05452,OID30756,Inflammation_II,Allen_AIFI_Olink
CLEC4A,Q9UMR7,OID20573,Inflammation,Allen_AIFI_Olink
CLEC4C,Q8WTT0,OID20547,Inflammation,Allen_AIFI_Olink
CLEC4D,Q8WXI8,OID20609,Inflammation,Allen_AIFI_Olink
CLEC4G,Q6UXB4,OID20590,Inflammation,Allen_AIFI_Olink
CLEC4M,Q9H2X3,OID30405,Cardiometabolic_II,Allen_AIFI_Olink
CLEC5A,Q9NY25,OID20165,Cardiometabolic,Allen_AIFI_Olink
CLEC6A,Q6EIG7,OID21228,Oncology,Allen_AIFI_Olink
CLEC7A,Q9BXN2,OID20636,Inflammation,Allen_AIFI_Olink
CLGN,O14967,OID30957,Neurology_II,Allen_AIFI_Olink
CLIC5,Q9NZA1,OID30890,Neurology_II,Allen_AIFI_Olink
CLINT1,Q14677,OID31182,Oncology_II,Allen_AIFI_Olink
CLIP2,Q9UDT6,OID20559,Inflammation,Allen_AIFI_Olink
CLMP,Q9H6B4,OID21419,Oncology,Allen_AIFI_Olink
CLNS1A,P54105,OID30929,Neurology_II,Allen_AIFI_Olink
CLPP,Q16740,OID20910,Neurology,Allen_AIFI_Olink
CLPS,P04118,OID21156,Neurology,Allen_AIFI_Olink
CLSPN,Q9HAW4,OID20831,Neurology,Allen_AIFI_Olink
CLSTN1,O94985,OID20874,Neurology,Allen_AIFI_Olink
CLSTN2,Q9H4D0,OID20664,Inflammation,Allen_AIFI_Olink
CLSTN3,Q9BQT9,OID31092,Neurology_II,Allen_AIFI_Olink
CLTA,P09496,OID20118,Cardiometabolic,Allen_AIFI_Olink
CLU,P10909,OID30732,Inflammation_II,Allen_AIFI_Olink
CLUL1,Q15846,OID20198,Cardiometabolic,Allen_AIFI_Olink
CMC1,Q7Z7K0,OID30360,Cardiometabolic_II,Allen_AIFI_Olink
CMIP,Q8IY22,OID31406,Oncology_II,Allen_AIFI_Olink
CNDP1,Q96KN2,OID20347,Cardiometabolic,Allen_AIFI_Olink
CNGB3,Q9NQW8,OID30805,Neurology_II,Allen_AIFI_Olink
CNP,P09543,OID30285,Cardiometabolic_II,Allen_AIFI_Olink
CNPY2,Q9Y2B0,OID20069,Cardiometabolic,Allen_AIFI_Olink
CNPY4,Q8N129,OID21317,Oncology,Allen_AIFI_Olink
CNST,Q6PJW8,OID20127,Cardiometabolic,Allen_AIFI_Olink
CNTF,P26441,OID30807,Neurology_II,Allen_AIFI_Olink
CNTN1,Q12860,OID20307,Cardiometabolic,Allen_AIFI_Olink
CNTN2,Q02246,OID21426,Oncology,Allen_AIFI_Olink
CNTN3,Q9P232,OID21092,Neurology,Allen_AIFI_Olink
CNTN4,Q8IWV2,OID21117,Neurology,Allen_AIFI_Olink
CNTN5,O94779,OID21006,Neurology,Allen_AIFI_Olink
CNTNAP2,Q9UHC6,OID20556,Inflammation,Allen_AIFI_Olink
CNTNAP4,Q9C0A0,OID30911,Neurology_II,Allen_AIFI_Olink
COCH,O43405,OID30305,Cardiometabolic_II,Allen_AIFI_Olink
COL15A1,P39059,OID30396,Cardiometabolic_II,Allen_AIFI_Olink
COL18A1,P39060,OID20332,Cardiometabolic,Allen_AIFI_Olink
COL1A1,P02452,OID20335,Cardiometabolic,Allen_AIFI_Olink
COL24A1,Q17RW2,OID31464,Oncology_II,Allen_AIFI_Olink
COL28A1,Q2UY09,OID30969,Neurology_II,Allen_AIFI_Olink
COL2A1,P02458,OID30286,Cardiometabolic_II,Allen_AIFI_Olink
COL3A1,P02461,OID30379,Cardiometabolic_II,Allen_AIFI_Olink
COL4A1,P02462,OID20208,Cardiometabolic,Allen_AIFI_Olink
COL4A4,P53420,OID31333,Oncology_II,Allen_AIFI_Olink
COL5A1,P20908,OID30587,Inflammation_II,Allen_AIFI_Olink
COL6A3,P12111,OID20292,Cardiometabolic,Allen_AIFI_Olink
COL9A1,P20849,OID20550,Inflammation,Allen_AIFI_Olink
COL9A2,Q14055,OID31255,Oncology_II,Allen_AIFI_Olink
COLEC12,Q5KU26,OID20738,Inflammation,Allen_AIFI_Olink
COMMD1,Q8N668,OID30222,Cardiometabolic_II,Allen_AIFI_Olink
COMMD9,Q9P000,OID31390,Oncology_II,Allen_AIFI_Olink
COMP,P49747,OID20405,Cardiometabolic,Allen_AIFI_Olink
COMT,P21964,OID20086,Cardiometabolic,Allen_AIFI_Olink
COPB2,P35606,OID30173,Cardiometabolic_II,Allen_AIFI_Olink
COPE,O14579,OID20797,Neurology,Allen_AIFI_Olink
COQ7,Q99807,OID30217,Cardiometabolic_II,Allen_AIFI_Olink
CORO1A,P31146,OID20286,Cardiometabolic,Allen_AIFI_Olink
CORO6,Q6QEF8,OID30870,Neurology_II,Allen_AIFI_Olink
COX5B,P10606,OID21297,Oncology,Allen_AIFI_Olink
COX6B1,P14854,OID30317,Cardiometabolic_II,Allen_AIFI_Olink
CPA1,P15085,OID20280,Cardiometabolic,Allen_AIFI_Olink
CPA2,P48052,OID21060,Neurology,Allen_AIFI_Olink
CPA4,Q9UI42,OID30606,Inflammation_II,Allen_AIFI_Olink
CPB1,P15086,OID20289,Cardiometabolic,Allen_AIFI_Olink
CPB2,Q96IY4,OID30734,Inflammation_II,Allen_AIFI_Olink
CPE,P16870,OID21392,Oncology,Allen_AIFI_Olink
CPLX2,Q6PUV4,OID31186,Oncology_II,Allen_AIFI_Olink
CPM,P14384,OID21054,Neurology,Allen_AIFI_Olink
CPOX,P36551,OID30495,Inflammation_II,Allen_AIFI_Olink
CPPED1,Q9BRF8,OID21053,Neurology,Allen_AIFI_Olink
CPQ,Q9Y646,OID30406,Cardiometabolic_II,Allen_AIFI_Olink
CPTP,Q5TA50,OID30106,Cardiometabolic_II,Allen_AIFI_Olink
CPVL,Q9H3G5,OID21435,Oncology,Allen_AIFI_Olink
CPXM1,Q96SM3,OID21479,Oncology,Allen_AIFI_Olink
CPXM2,Q8N436,OID30322,Cardiometabolic_II,Allen_AIFI_Olink
CR1,P17927,OID30697,Inflammation_II,Allen_AIFI_Olink
CR2,P20023,OID20393,Cardiometabolic,Allen_AIFI_Olink
CRACR2A,Q9BSW2,OID21249,Oncology,Allen_AIFI_Olink
CRADD,P78560,OID20923,Neurology,Allen_AIFI_Olink
CREB3,O43889,OID31188,Oncology_II,Allen_AIFI_Olink
CREBZF,Q9NS37,OID31206,Oncology_II,Allen_AIFI_Olink
CREG1,O75629,OID21515,Oncology,Allen_AIFI_Olink
CRELD1,Q96HD1,OID30619,Inflammation_II,Allen_AIFI_Olink
CRELD2,Q6UXH1,OID20751,Inflammation,Allen_AIFI_Olink
CRH,P06850,OID21257,Oncology,Allen_AIFI_Olink
CRHBP,P24387,OID20747,Inflammation,Allen_AIFI_Olink
CRHR1,P34998,OID20055,Cardiometabolic,Allen_AIFI_Olink
CRIM1,Q9NZV1,OID20701,Inflammation,Allen_AIFI_Olink
CRIP2,P52943,OID20901,Neurology,Allen_AIFI_Olink
CRISP2,P16562,OID21456,Oncology,Allen_AIFI_Olink
CRISP3,P54108,OID30715,Inflammation_II,Allen_AIFI_Olink
CRKL,P46109,OID20742,Inflammation,Allen_AIFI_Olink
CRLF1,O75462,OID20699,Inflammation,Allen_AIFI_Olink
CRNN,Q9UBG3,OID21427,Oncology,Allen_AIFI_Olink
CRTAC1,Q9NQ79,OID20279,Cardiometabolic,Allen_AIFI_Olink
CRTAM,O95727,OID20914,Neurology,Allen_AIFI_Olink
CRTAP,O75718,OID30902,Neurology_II,Allen_AIFI_Olink
CRX,O43186,OID20070,Cardiometabolic,Allen_AIFI_Olink
CRYBB1,P53674,OID30319,Cardiometabolic_II,Allen_AIFI_Olink
CRYBB2,P43320,OID31081,Neurology_II,Allen_AIFI_Olink
CRYGD,P07320,OID31144,Neurology_II,Allen_AIFI_Olink
CRYM,Q14894,OID30815,Neurology_II,Allen_AIFI_Olink
CRYZL1,O95825,OID30272,Cardiometabolic_II,Allen_AIFI_Olink
CSDE1,O75534,OID30183,Cardiometabolic_II,Allen_AIFI_Olink
CSF1,P09603,OID20719,Inflammation,Allen_AIFI_Olink
CSF1R,P07333,OID30681,Inflammation_II,Allen_AIFI_Olink
CSF2,P04141,OID30072,Cardiometabolic_II,Allen_AIFI_Olink
CSF2RA,P15509,OID20915,Neurology,Allen_AIFI_Olink
CSF2RB,P32927,OID30553,Inflammation_II,Allen_AIFI_Olink
CSF3,P09919,OID20491,Inflammation,Allen_AIFI_Olink
CSF3R,Q99062,OID30527,Inflammation_II,Allen_AIFI_Olink
CSH1,P0DML2,OID30667,Inflammation_II,Allen_AIFI_Olink
CSNK1D,P48730,OID30492,Inflammation_II,Allen_AIFI_Olink
CSNK2A1,P68400,OID31053,Neurology_II,Allen_AIFI_Olink
CSPG4,Q6UVK1,OID30397,Cardiometabolic_II,Allen_AIFI_Olink
CSPG5,O95196,OID30843,Neurology_II,Allen_AIFI_Olink
CSRP3,P50461,OID30176,Cardiometabolic_II,Allen_AIFI_Olink
CST1,P01037,OID30581,Inflammation_II,Allen_AIFI_Olink
CST3,P01034,OID20400,Cardiometabolic,Allen_AIFI_Olink
CST5,P28325,OID20995,Neurology,Allen_AIFI_Olink
CST6,Q15828,OID20293,Cardiometabolic,Allen_AIFI_Olink
CST7,O76096,OID20704,Inflammation,Allen_AIFI_Olink
CSTB,P04080,OID20294,Cardiometabolic,Allen_AIFI_Olink
CTAG1A_CTAG1B,P78358,OID31299,Oncology_II,Allen_AIFI_Olink
CTBS,Q01459,OID30710,Inflammation_II,Allen_AIFI_Olink
CTF1,Q16619,OID20061,Cardiometabolic,Allen_AIFI_Olink
CTHRC1,Q96CG8,OID30393,Cardiometabolic_II,Allen_AIFI_Olink
CTLA4,P16410,OID30363,Cardiometabolic_II,Allen_AIFI_Olink
CTNNA1,P35221,OID30800,Neurology_II,Allen_AIFI_Olink
CTRB1,P17538,OID21150,Neurology,Allen_AIFI_Olink
CTRC,Q99895,OID20752,Inflammation,Allen_AIFI_Olink
CTRL,P40313,OID31157,Neurology_II,Allen_AIFI_Olink
CTSB,P07858,OID20276,Cardiometabolic,Allen_AIFI_Olink
CTSC,P53634,OID20679,Inflammation,Allen_AIFI_Olink
CTSD,P07339,OID20358,Cardiometabolic,Allen_AIFI_Olink
CTSE,P14091,OID30628,Inflammation_II,Allen_AIFI_Olink
CTSF,Q9UBX1,OID21500,Oncology,Allen_AIFI_Olink
CTSH,P09668,OID20113,Cardiometabolic,Allen_AIFI_Olink
CTSL,P07711,OID20228,Cardiometabolic,Allen_AIFI_Olink
CTSO,P43234,OID20660,Inflammation,Allen_AIFI_Olink
CTSS,P25774,OID21056,Neurology,Allen_AIFI_Olink
CTSV,O60911,OID21405,Oncology,Allen_AIFI_Olink
CTSZ,Q9UBR2,OID20365,Cardiometabolic,Allen_AIFI_Olink
CUZD1,Q86UP6,OID30914,Neurology_II,Allen_AIFI_Olink
CWC15,Q9P013,OID31479,Oncology_II,Allen_AIFI_Olink
CX3CL1,P78423,OID20976,Neurology,Allen_AIFI_Olink
CXADR,P78310,OID20561,Inflammation,Allen_AIFI_Olink
CXCL1,P09341,OID20762,Inflammation,Allen_AIFI_Olink
CXCL10,P02778,OID20697,Inflammation,Allen_AIFI_Olink
CXCL11,O14625,OID21042,Neurology,Allen_AIFI_Olink
CXCL12,P48061,OID20464,Inflammation,Allen_AIFI_Olink
CXCL13,O43927,OID21024,Neurology,Allen_AIFI_Olink
CXCL14,O95715,OID20458,Inflammation,Allen_AIFI_Olink
CXCL16,Q9H2A7,OID20282,Cardiometabolic,Allen_AIFI_Olink
CXCL17,Q6UXB2,OID20622,Inflammation,Allen_AIFI_Olink
CXCL3,P19876,OID20788,Inflammation,Allen_AIFI_Olink
CXCL5,P42830,OID20207,Cardiometabolic,Allen_AIFI_Olink
CXCL6,P80162,OID20613,Inflammation,Allen_AIFI_Olink
CXCL8,P10145,OID20153,Cardiometabolic,Allen_AIFI_Olink
CXCL8,P10145,OID20631,Inflammation,Allen_AIFI_Olink
CXCL8,P10145,OID20997,Neurology,Allen_AIFI_Olink
CXCL8,P10145,OID21430,Oncology,Allen_AIFI_Olink
CXCL9,Q07325,OID20675,Inflammation,Allen_AIFI_Olink
CYB5A,P00167,OID31171,Oncology_II,Allen_AIFI_Olink
CYB5R2,Q6BCY4,OID31512,Oncology_II,Allen_AIFI_Olink
CYP24A1,Q07973,OID30091,Cardiometabolic_II,Allen_AIFI_Olink
CYTH3,O43739,OID31208,Oncology_II,Allen_AIFI_Olink
CYTL1,Q9NRR1,OID30374,Cardiometabolic_II,Allen_AIFI_Olink
DAAM1,Q9Y4D1,OID30664,Inflammation_II,Allen_AIFI_Olink
DAB2,P98082,OID21428,Oncology,Allen_AIFI_Olink
DAG1,Q14118,OID20774,Inflammation,Allen_AIFI_Olink
DAND5,Q8N907,OID30420,Inflammation_II,Allen_AIFI_Olink
DAPK2,Q9UIK4,OID30505,Inflammation_II,Allen_AIFI_Olink
DAPP1,Q9UN19,OID20524,Inflammation,Allen_AIFI_Olink
DARS,P14868,OID20903,Neurology,Allen_AIFI_Olink
DARS1,P14868,OID20903,Neurology,Allen_AIFI_Olink
DBH,P09172,OID30703,Inflammation_II,Allen_AIFI_Olink
DBI,P07108,OID21143,Neurology,Allen_AIFI_Olink
DBN1,Q16643,OID30549,Inflammation_II,Allen_AIFI_Olink
DBNL,Q9UJU6,OID20681,Inflammation,Allen_AIFI_Olink
DCBLD2,Q96PD2,OID21474,Oncology,Allen_AIFI_Olink
DCC,P43146,OID30953,Neurology_II,Allen_AIFI_Olink
DCDC2C,A8MYV0,OID31235,Oncology_II,Allen_AIFI_Olink
DCLRE1C,Q96SD1,OID31240,Oncology_II,Allen_AIFI_Olink
DCN,P07585,OID20106,Cardiometabolic,Allen_AIFI_Olink
DCTD,P32321,OID30657,Inflammation_II,Allen_AIFI_Olink
DCTN1,Q14203,OID21399,Oncology,Allen_AIFI_Olink
DCTN2,Q13561,OID21334,Oncology,Allen_AIFI_Olink
DCTN6,O00399,OID20879,Neurology,Allen_AIFI_Olink
DCTPP1,Q9H773,OID20148,Cardiometabolic,Allen_AIFI_Olink
DCUN1D1,Q96GG9,OID30830,Neurology_II,Allen_AIFI_Olink
DCUN1D2,Q6PH85,OID31231,Oncology_II,Allen_AIFI_Olink
DCXR,Q7Z4W1,OID21480,Oncology,Allen_AIFI_Olink
DDA1,Q9BW61,OID30126,Cardiometabolic_II,Allen_AIFI_Olink
DDAH1,O94760,OID21299,Oncology,Allen_AIFI_Olink
DDC,P20711,OID20215,Cardiometabolic,Allen_AIFI_Olink
DDHD2,O94830,OID31043,Neurology_II,Allen_AIFI_Olink
DDI2,Q5TDH0,OID30602,Inflammation_II,Allen_AIFI_Olink
DDR1,Q08345,OID21009,Neurology,Allen_AIFI_Olink
DDT,P30046,OID30372,Cardiometabolic_II,Allen_AIFI_Olink
DDX1,Q92499,OID31518,Oncology_II,Allen_AIFI_Olink
DDX25,Q9UHL0,OID30892,Neurology_II,Allen_AIFI_Olink
DDX39A,O00148,OID30494,Inflammation_II,Allen_AIFI_Olink
DDX4,Q9NQI0,OID30431,Inflammation_II,Allen_AIFI_Olink
DDX53,Q86TM3,OID30944,Neurology_II,Allen_AIFI_Olink
DDX58,O95786,OID21226,Oncology,Allen_AIFI_Olink
DECR1,Q16698,OID20579,Inflammation,Allen_AIFI_Olink
DEFA1_DEFA1B,P59665,OID20344,Cardiometabolic,Allen_AIFI_Olink
DEFB103A_DEFB103B,P81534,OID30534,Inflammation_II,Allen_AIFI_Olink
DEFB104A_DEFB104B,Q8WTQ1,OID30849,Neurology_II,Allen_AIFI_Olink
DEFB116,Q30KQ4,OID30823,Neurology_II,Allen_AIFI_Olink
DEFB118,Q96PH6,OID30858,Neurology_II,Allen_AIFI_Olink
DEFB4A_DEFB4B,O15263,OID21373,Oncology,Allen_AIFI_Olink
DENND2B,P78524,OID30050,Cardiometabolic_II,Allen_AIFI_Olink
DENR,O43583,OID30493,Inflammation_II,Allen_AIFI_Olink
DFFA,O00273,OID20620,Inflammation,Allen_AIFI_Olink
DGCR6,Q14129,OID30859,Neurology_II,Allen_AIFI_Olink
DGKA,P23743,OID30546,Inflammation_II,Allen_AIFI_Olink
DGKZ,Q13574,OID20466,Inflammation,Allen_AIFI_Olink
DHODH,Q02127,OID30137,Cardiometabolic_II,Allen_AIFI_Olink
DHPS,P49366,OID31357,Oncology_II,Allen_AIFI_Olink
DHRS4L2,Q6PKH6,OID31072,Neurology_II,Allen_AIFI_Olink
DIABLO,Q9NR28,OID20184,Cardiometabolic,Allen_AIFI_Olink
DIPK1C,Q0P6D2,OID30932,Neurology_II,Allen_AIFI_Olink
DIPK2B,Q9H7Y0,OID30582,Inflammation_II,Allen_AIFI_Olink
DKK1,O94907,OID21066,Neurology,Allen_AIFI_Olink
DKK3,Q9UBP4,OID20264,Cardiometabolic,Allen_AIFI_Olink
DKK4,Q9UBT3,OID20934,Neurology,Allen_AIFI_Olink
DKKL1,Q9UK85,OID21313,Oncology,Allen_AIFI_Olink
DLG4,P78352,OID31071,Neurology_II,Allen_AIFI_Olink
DLGAP5,Q15398,OID30976,Neurology_II,Allen_AIFI_Olink
DLK1,P80370,OID20295,Cardiometabolic,Allen_AIFI_Olink
DLL1,O00548,OID21525,Oncology,Allen_AIFI_Olink
DLL4,Q9NR61,OID30255,Cardiometabolic_II,Allen_AIFI_Olink
DMD,P11532,OID30223,Cardiometabolic_II,Allen_AIFI_Olink
DMP1,Q13316,OID30213,Cardiometabolic_II,Allen_AIFI_Olink
DNAJA1,P31689,OID31204,Oncology_II,Allen_AIFI_Olink
DNAJA2,O60884,OID20627,Inflammation,Allen_AIFI_Olink
DNAJA4,Q8WW22,OID31130,Neurology_II,Allen_AIFI_Olink
DNAJB1,P25685,OID21363,Oncology,Allen_AIFI_Olink
DNAJB14,Q8TBM8,OID31434,Oncology_II,Allen_AIFI_Olink
DNAJB2,P25686,OID30661,Inflammation_II,Allen_AIFI_Olink
DNAJB6,O75190,OID30613,Inflammation_II,Allen_AIFI_Olink
DNAJB8,Q8NHS0,OID20093,Cardiometabolic,Allen_AIFI_Olink
DNAJC21,Q5F1R6,OID31104,Neurology_II,Allen_AIFI_Olink
DNAJC6,O75061,OID30247,Cardiometabolic_II,Allen_AIFI_Olink
DNAJC9,Q8WXX5,OID31472,Oncology_II,Allen_AIFI_Olink
DNER,Q8NFT8,OID20712,Inflammation,Allen_AIFI_Olink
DNLZ,Q5SXM8,OID30822,Neurology_II,Allen_AIFI_Olink
DNM1,Q05193,OID31458,Oncology_II,Allen_AIFI_Olink
DNM3,Q9UQ16,OID31000,Neurology_II,Allen_AIFI_Olink
DNMBP,Q6XZF7,OID20956,Neurology,Allen_AIFI_Olink
DNPEP,Q9ULA0,OID31118,Neurology_II,Allen_AIFI_Olink
DNPH1,O43598,OID20744,Inflammation,Allen_AIFI_Olink
DOC2B,Q14184,OID30927,Neurology_II,Allen_AIFI_Olink
DOCK9,Q9BZ29,OID30836,Neurology_II,Allen_AIFI_Olink
DOK1,Q99704,OID31111,Neurology_II,Allen_AIFI_Olink
DOK2,O60496,OID20138,Cardiometabolic,Allen_AIFI_Olink
DPEP1,P16444,OID20897,Neurology,Allen_AIFI_Olink
DPEP2,Q9H4A9,OID21305,Oncology,Allen_AIFI_Olink
DPP10,Q8N608,OID20527,Inflammation,Allen_AIFI_Olink
DPP4,P27487,OID20406,Cardiometabolic,Allen_AIFI_Olink
DPP6,P42658,OID21354,Oncology,Allen_AIFI_Olink
DPP7,Q9UHL4,OID20142,Cardiometabolic,Allen_AIFI_Olink
DPT,Q07507,OID20278,Cardiometabolic,Allen_AIFI_Olink
DPY30,Q9C005,OID21410,Oncology,Allen_AIFI_Olink
DRAXIN,Q8NBI3,OID20917,Neurology,Allen_AIFI_Olink
DRG2,P55039,OID21335,Oncology,Allen_AIFI_Olink
DSC2,Q02487,OID21079,Neurology,Allen_AIFI_Olink
DSCAM,O60469,OID30993,Neurology_II,Allen_AIFI_Olink
DSG2,Q14126,OID21113,Neurology,Allen_AIFI_Olink
DSG3,P32926,OID21460,Oncology,Allen_AIFI_Olink
DSG4,Q86SJ6,OID21325,Oncology,Allen_AIFI_Olink
DTD1,Q8TEA8,OID30580,Inflammation_II,Allen_AIFI_Olink
DTNB,O60941,OID31395,Oncology_II,Allen_AIFI_Olink
DTX2,Q86UW9,OID30882,Neurology_II,Allen_AIFI_Olink
DTX3,Q8N9I9,OID21349,Oncology,Allen_AIFI_Olink
DTYMK,P23919,OID30308,Cardiometabolic_II,Allen_AIFI_Olink
DUOX2,Q9NRD8,OID20059,Cardiometabolic,Allen_AIFI_Olink
DUSP13,Q6B8I1,OID31394,Oncology_II,Allen_AIFI_Olink
DUSP29,Q68J44,OID30935,Neurology_II,Allen_AIFI_Olink
DUSP3,P51452,OID20827,Neurology,Allen_AIFI_Olink
DUT,P33316,OID31457,Oncology_II,Allen_AIFI_Olink
DXO,O77932,OID31080,Neurology_II,Allen_AIFI_Olink
DYNC1H1,Q14204,OID31341,Oncology_II,Allen_AIFI_Olink
DYNLT1,P63172,OID30925,Neurology_II,Allen_AIFI_Olink
DYNLT3,P51808,OID31415,Oncology_II,Allen_AIFI_Olink
EBAG9,O00559,OID20918,Neurology,Allen_AIFI_Olink
EBI3_IL27,Q14213_Q8NEV9,OID21389,Oncology,Allen_AIFI_Olink
ECE1,P42892,OID20891,Neurology,Allen_AIFI_Olink
ECHDC3,Q96DC8,OID30293,Cardiometabolic_II,Allen_AIFI_Olink
ECHS1,P30084,OID30239,Cardiometabolic_II,Allen_AIFI_Olink
ECI2,O75521,OID30142,Cardiometabolic_II,Allen_AIFI_Olink
ECM1,Q16610,OID30736,Inflammation_II,Allen_AIFI_Olink
ECSCR,Q19T08,OID30831,Neurology_II,Allen_AIFI_Olink
EDA2R,Q9HAV5,OID21451,Oncology,Allen_AIFI_Olink
EDAR,Q9UNE0,OID20525,Inflammation,Allen_AIFI_Olink
EDDM3B,P56851,OID31365,Oncology_II,Allen_AIFI_Olink
EDEM2,Q9BV94,OID30136,Cardiometabolic_II,Allen_AIFI_Olink
EDF1,O60869,OID31010,Neurology_II,Allen_AIFI_Olink
EDIL3,O43854,OID20081,Cardiometabolic,Allen_AIFI_Olink
EDN1,P05305,OID30224,Cardiometabolic_II,Allen_AIFI_Olink
EDNRB,P24530,OID30421,Inflammation_II,Allen_AIFI_Olink
EEF1D,P29692,OID30335,Cardiometabolic_II,Allen_AIFI_Olink
EFCAB14,O75071,OID31460,Oncology_II,Allen_AIFI_Olink
EFCAB2,Q5VUJ9,OID31313,Oncology_II,Allen_AIFI_Olink
EFEMP1,Q12805,OID20414,Cardiometabolic,Allen_AIFI_Olink
EFHD1,Q9BUP0,OID31044,Neurology_II,Allen_AIFI_Olink
EFNA1,P20827,OID21125,Neurology,Allen_AIFI_Olink
EFNA4,P52798,OID20935,Neurology,Allen_AIFI_Olink
EFNB2,P52799,OID30954,Neurology_II,Allen_AIFI_Olink
EGF,P01133,OID20698,Inflammation,Allen_AIFI_Olink
EGFL7,Q9UHF1,OID21252,Oncology,Allen_AIFI_Olink
EGFLAM,Q63HQ2,OID31496,Oncology_II,Allen_AIFI_Olink
EGFR,P00533,OID20319,Cardiometabolic,Allen_AIFI_Olink
EGLN1,Q9GZT9,OID20572,Inflammation,Allen_AIFI_Olink
EHBP1,Q8NDI1,OID30302,Cardiometabolic_II,Allen_AIFI_Olink
EHD3,Q9NZN3,OID30229,Cardiometabolic_II,Allen_AIFI_Olink
EIF1AX,P47813,OID31125,Neurology_II,Allen_AIFI_Olink
EIF2AK2,P19525,OID31442,Oncology_II,Allen_AIFI_Olink
EIF2AK3,Q9NZJ5,OID30060,Cardiometabolic_II,Allen_AIFI_Olink
EIF2S2,P20042,OID30270,Cardiometabolic_II,Allen_AIFI_Olink
EIF4B,P23588,OID21000,Neurology,Allen_AIFI_Olink
EIF4E,P06730,OID30557,Inflammation_II,Allen_AIFI_Olink
EIF4EBP1,Q13541,OID20162,Cardiometabolic,Allen_AIFI_Olink
EIF4G1,Q04637,OID20625,Inflammation,Allen_AIFI_Olink
EIF4G3,O43432,OID31022,Neurology_II,Allen_AIFI_Olink
EIF5,P55010,OID30156,Cardiometabolic_II,Allen_AIFI_Olink
EIF5A,P63241,OID20423,Inflammation,Allen_AIFI_Olink
ELAC1,Q9H777,OID31029,Neurology_II,Allen_AIFI_Olink
ELAVL4,P26378,OID30854,Neurology_II,Allen_AIFI_Olink
ELN,P15502,OID30301,Cardiometabolic_II,Allen_AIFI_Olink
ELOA,Q14241,OID21337,Oncology,Allen_AIFI_Olink
ELOB,Q15370,OID30127,Cardiometabolic_II,Allen_AIFI_Olink
ENAH,Q8N8S7,OID20497,Inflammation,Allen_AIFI_Olink
ENDOU,P21128,OID31498,Oncology_II,Allen_AIFI_Olink
ENG,P17813,OID20287,Cardiometabolic,Allen_AIFI_Olink
ENO1,P06733,OID21037,Neurology,Allen_AIFI_Olink
ENO2,P09104,OID21046,Neurology,Allen_AIFI_Olink
ENO3,P13929,OID30209,Cardiometabolic_II,Allen_AIFI_Olink
ENOPH1,Q9UHY7,OID31349,Oncology_II,Allen_AIFI_Olink
ENOX2,Q16206,OID30152,Cardiometabolic_II,Allen_AIFI_Olink
ENPEP,Q07075,OID30135,Cardiometabolic_II,Allen_AIFI_Olink
ENPP2,Q13822,OID20288,Cardiometabolic,Allen_AIFI_Olink
ENPP5,Q9UJA9,OID20736,Inflammation,Allen_AIFI_Olink
ENPP6,Q6UWR7,OID30273,Cardiometabolic_II,Allen_AIFI_Olink
ENPP7,Q6UWV6,OID20689,Inflammation,Allen_AIFI_Olink
ENSA,O43768,OID31355,Oncology_II,Allen_AIFI_Olink
ENTPD2,Q9Y5L3,OID21260,Oncology,Allen_AIFI_Olink
ENTPD5,O75356,OID20104,Cardiometabolic,Allen_AIFI_Olink
ENTPD6,O75354,OID20100,Cardiometabolic,Allen_AIFI_Olink
ENTR1,Q96C92,OID30231,Cardiometabolic_II,Allen_AIFI_Olink
EP300,Q09472,OID30438,Inflammation_II,Allen_AIFI_Olink
EPB41L5,Q9HCM4,OID30886,Neurology_II,Allen_AIFI_Olink
EPCAM,P16422,OID20743,Inflammation,Allen_AIFI_Olink
EPGN,Q6UW88,OID31373,Oncology_II,Allen_AIFI_Olink
EPHA1,P21709,OID20677,Inflammation,Allen_AIFI_Olink
EPHA10,Q5JZY3,OID20840,Neurology,Allen_AIFI_Olink
EPHA2,P29317,OID21342,Oncology,Allen_AIFI_Olink
EPHA4,P54764,OID30622,Inflammation_II,Allen_AIFI_Olink
EPHB4,P54760,OID20242,Cardiometabolic,Allen_AIFI_Olink
EPHB6,O15197,OID20982,Neurology,Allen_AIFI_Olink
EPHX2,P34913,OID20119,Cardiometabolic,Allen_AIFI_Olink
EPN1,Q9Y6I3,OID31252,Oncology_II,Allen_AIFI_Olink
EPO,P01588,OID20522,Inflammation,Allen_AIFI_Olink
EPPK1,P58107,OID30250,Cardiometabolic_II,Allen_AIFI_Olink
EPS8L2,Q9H6S3,OID21397,Oncology,Allen_AIFI_Olink
ERBB2,P04626,OID21520,Oncology,Allen_AIFI_Olink
ERBB3,P21860,OID20705,Inflammation,Allen_AIFI_Olink
ERBB4,Q15303,OID21510,Oncology,Allen_AIFI_Olink
ERBIN,Q96RT1,OID21323,Oncology,Allen_AIFI_Olink
ERC2,O15083,OID30880,Neurology_II,Allen_AIFI_Olink
ERCC1,P07992,OID31223,Oncology_II,Allen_AIFI_Olink
EREG,O14944,OID20905,Neurology,Allen_AIFI_Olink
ERI1,Q8IV48,OID31317,Oncology_II,Allen_AIFI_Olink
ERMAP,Q96PL5,OID30539,Inflammation_II,Allen_AIFI_Olink
ERN1,O75460,OID31391,Oncology_II,Allen_AIFI_Olink
ERP29,P30040,OID30578,Inflammation_II,Allen_AIFI_Olink
ERP44,Q9BS26,OID21338,Oncology,Allen_AIFI_Olink
ERVV-1,B6SEH8,OID30094,Cardiometabolic_II,Allen_AIFI_Olink
ESAM,Q96AP7,OID20270,Cardiometabolic,Allen_AIFI_Olink
ESM1,Q9NQ30,OID20758,Inflammation,Allen_AIFI_Olink
ESPL1,Q14674,OID31176,Oncology_II,Allen_AIFI_Olink
ESR1,P03372,OID30434,Inflammation_II,Allen_AIFI_Olink
ESYT2,A0FGR8,OID31134,Neurology_II,Allen_AIFI_Olink
EVI2B,P34910,OID31227,Oncology_II,Allen_AIFI_Olink
EVI5,O60447,OID30519,Inflammation_II,Allen_AIFI_Olink
EVPL,Q92817,OID31309,Oncology_II,Allen_AIFI_Olink
EXOSC10,Q01780,OID30083,Cardiometabolic_II,Allen_AIFI_Olink
EXTL1,Q92935,OID30114,Cardiometabolic_II,Allen_AIFI_Olink
EZR,P15311,OID21017,Neurology,Allen_AIFI_Olink
F10,P00742,OID30684,Inflammation_II,Allen_AIFI_Olink
F11,P03951,OID30773,Inflammation_II,Allen_AIFI_Olink
F11R,Q9Y624,OID21151,Neurology,Allen_AIFI_Olink
F12,P00748,OID30739,Inflammation_II,Allen_AIFI_Olink
F13B,P05160,OID30781,Inflammation_II,Allen_AIFI_Olink
F2,P00734,OID30723,Inflammation_II,Allen_AIFI_Olink
F2R,P25116,OID20691,Inflammation,Allen_AIFI_Olink
F3,P13726,OID21440,Oncology,Allen_AIFI_Olink
F7,P08709,OID20372,Cardiometabolic,Allen_AIFI_Olink
F9,P00740,OID20349,Cardiometabolic,Allen_AIFI_Olink
FABP1,P07148,OID20778,Inflammation,Allen_AIFI_Olink
FABP2,P12104,OID20200,Cardiometabolic,Allen_AIFI_Olink
FABP3,P05413,OID30351,Cardiometabolic_II,Allen_AIFI_Olink
FABP4,P15090,OID20245,Cardiometabolic,Allen_AIFI_Olink
FABP5,Q01469,OID21043,Neurology,Allen_AIFI_Olink
FABP6,P51161,OID20076,Cardiometabolic,Allen_AIFI_Olink
FABP9,Q0Z7S8,OID20501,Inflammation,Allen_AIFI_Olink
FADD,Q13158,OID20151,Cardiometabolic,Allen_AIFI_Olink
FAM13A,O94988,OID31463,Oncology_II,Allen_AIFI_Olink
FAM171A2,A8MVW0,OID31005,Neurology_II,Allen_AIFI_Olink
FAM171B,Q6P995,OID31338,Oncology_II,Allen_AIFI_Olink
FAM172A,Q8WUF8,OID30248,Cardiometabolic_II,Allen_AIFI_Olink
FAM20A,Q96MK3,OID30348,Cardiometabolic_II,Allen_AIFI_Olink
FAM3B,P58499,OID21372,Oncology,Allen_AIFI_Olink
FAM3C,Q92520,OID20233,Cardiometabolic,Allen_AIFI_Olink
FAM3D,Q96BQ1,OID31514,Oncology_II,Allen_AIFI_Olink
FAP,Q12884,OID20330,Cardiometabolic,Allen_AIFI_Olink
FARSA,Q9Y285,OID30887,Neurology_II,Allen_AIFI_Olink
FAS,P25445,OID20316,Cardiometabolic,Allen_AIFI_Olink
FASLG,P48023,OID20665,Inflammation,Allen_AIFI_Olink
FBLN2,P98095,OID30378,Cardiometabolic_II,Allen_AIFI_Olink
FBN2,P35556,OID30974,Neurology_II,Allen_AIFI_Olink
FBP1,P09467,OID20227,Cardiometabolic,Allen_AIFI_Olink
FCAMR,Q8WWV6,OID30332,Cardiometabolic_II,Allen_AIFI_Olink
FCAR,P24071,OID20564,Inflammation,Allen_AIFI_Olink
FCER1A,P12319,OID30992,Neurology_II,Allen_AIFI_Olink
FCER2,P06734,OID21133,Neurology,Allen_AIFI_Olink
FCGR2A,P12318,OID20391,Cardiometabolic,Allen_AIFI_Olink
FCGR2B,P31994,OID21215,Oncology,Allen_AIFI_Olink
FCGR3B,O75015,OID20387,Cardiometabolic,Allen_AIFI_Olink
FCN1,O00602,OID30690,Inflammation_II,Allen_AIFI_Olink
FCN2,Q15485,OID20382,Cardiometabolic,Allen_AIFI_Olink
FCRL1,Q96LA6,OID20172,Cardiometabolic,Allen_AIFI_Olink
FCRL2,Q96LA5,OID20639,Inflammation,Allen_AIFI_Olink
FCRL3,Q96P31,OID20443,Inflammation,Allen_AIFI_Olink
FCRL5,Q96RD9,OID21111,Neurology,Allen_AIFI_Olink
FCRL6,Q6DN72,OID20529,Inflammation,Allen_AIFI_Olink
FCRLB,Q6BAA4,OID21193,Oncology,Allen_AIFI_Olink
FDX1,P10109,OID30078,Cardiometabolic_II,Allen_AIFI_Olink
FDX2,Q6P4F2,OID30147,Cardiometabolic_II,Allen_AIFI_Olink
FEN1,P39748,OID21192,Oncology,Allen_AIFI_Olink
FES,P07332,OID21207,Oncology,Allen_AIFI_Olink
FETUB,Q9UGM5,OID20404,Cardiometabolic,Allen_AIFI_Olink
FGA,P02671,OID30788,Inflammation_II,Allen_AIFI_Olink
FGD3,Q5JSP0,OID31040,Neurology_II,Allen_AIFI_Olink
FGF12,P61328,OID30454,Inflammation_II,Allen_AIFI_Olink
FGF16,O43320,OID30535,Inflammation_II,Allen_AIFI_Olink
FGF19,O95750,OID20715,Inflammation,Allen_AIFI_Olink
FGF2,P09038,OID20503,Inflammation,Allen_AIFI_Olink
FGF20,Q9NP95,OID30459,Inflammation_II,Allen_AIFI_Olink
FGF21,Q9NSA1,OID21402,Oncology,Allen_AIFI_Olink
FGF23,Q9GZV9,OID21411,Oncology,Allen_AIFI_Olink
FGF3,P11487,OID30544,Inflammation_II,Allen_AIFI_Olink
FGF5,P12034,OID20490,Inflammation,Allen_AIFI_Olink
FGF6,P10767,OID30443,Inflammation_II,Allen_AIFI_Olink
FGF7,P21781,OID31241,Oncology_II,Allen_AIFI_Olink
FGF9,P31371,OID31193,Oncology_II,Allen_AIFI_Olink
FGFBP1,Q14512,OID21507,Oncology,Allen_AIFI_Olink
FGFBP2,Q9BYJ0,OID30395,Cardiometabolic_II,Allen_AIFI_Olink
FGFBP3,Q8TAT2,OID31108,Neurology_II,Allen_AIFI_Olink
FGFR1OP,O95684,OID20084,Cardiometabolic,Allen_AIFI_Olink
FGFR2,P21802,OID21478,Oncology,Allen_AIFI_Olink
FGFR4,P22455,OID30646,Inflammation_II,Allen_AIFI_Olink
FGL1,Q08830,OID30702,Inflammation_II,Allen_AIFI_Olink
FGR,P09769,OID20828,Neurology,Allen_AIFI_Olink
FH,P07954,OID30839,Neurology_II,Allen_AIFI_Olink
FHIP2A,Q5W0V3,OID30187,Cardiometabolic_II,Allen_AIFI_Olink
FHIT,P49789,OID20872,Neurology,Allen_AIFI_Olink
FIS1,Q9Y3D6,OID20722,Inflammation,Allen_AIFI_Olink
FKBP14,Q9NWM8,OID31065,Neurology_II,Allen_AIFI_Olink
FKBP1B,P68106,OID20618,Inflammation,Allen_AIFI_Olink
FKBP4,Q02790,OID20960,Neurology,Allen_AIFI_Olink
FKBP5,Q13451,OID20937,Neurology,Allen_AIFI_Olink
FKBP7,Q9Y680,OID20846,Neurology,Allen_AIFI_Olink
FKBPL,Q9UIM3,OID31499,Oncology_II,Allen_AIFI_Olink
FLI1,Q01543,OID21239,Oncology,Allen_AIFI_Olink
FLRT2,O43155,OID20946,Neurology,Allen_AIFI_Olink
FLT1,P17948,OID21301,Oncology,Allen_AIFI_Olink
FLT3,P36888,OID21272,Oncology,Allen_AIFI_Olink
FLT3LG,P49771,OID20661,Inflammation,Allen_AIFI_Olink
FLT4,P35916,OID21491,Oncology,Allen_AIFI_Olink
FMNL1,O95466,OID20884,Neurology,Allen_AIFI_Olink
FMR1,Q06787,OID21233,Oncology,Allen_AIFI_Olink
FN1,P02751,OID30787,Inflammation_II,Allen_AIFI_Olink
FNDC1,Q4ZHG4,OID31127,Neurology_II,Allen_AIFI_Olink
FNTA,P49354,OID31381,Oncology_II,Allen_AIFI_Olink
FOLH1,Q04609,OID30430,Inflammation_II,Allen_AIFI_Olink
FOLR1,P15328,OID21529,Oncology,Allen_AIFI_Olink
FOLR2,P14207,OID21062,Neurology,Allen_AIFI_Olink
FOLR3,P41439,OID21485,Oncology,Allen_AIFI_Olink
FOPNL,Q96NB1,OID21209,Oncology,Allen_AIFI_Olink
FOS,P01100,OID31221,Oncology_II,Allen_AIFI_Olink
FOSB,P53539,OID20791,Neurology,Allen_AIFI_Olink
FOXJ3,Q9UPW0,OID30445,Inflammation_II,Allen_AIFI_Olink
FOXO1,Q12778,OID20515,Inflammation,Allen_AIFI_Olink
FOXO3,O43524,OID21271,Oncology,Allen_AIFI_Olink
FRMD4B,Q9Y2L6,OID30155,Cardiometabolic_II,Allen_AIFI_Olink
FRMD7,Q6ZUT3,OID30898,Neurology_II,Allen_AIFI_Olink
FRZB,Q92765,OID20968,Neurology,Allen_AIFI_Olink
FSHB,P01225,OID30233,Cardiometabolic_II,Allen_AIFI_Olink
FST,P19883,OID20770,Inflammation,Allen_AIFI_Olink
FSTL1,Q12841,OID30254,Cardiometabolic_II,Allen_AIFI_Olink
FSTL3,O95633,OID20782,Inflammation,Allen_AIFI_Olink
FTCD,O95954,OID31137,Neurology_II,Allen_AIFI_Olink
FUCA1,P04066,OID20261,Cardiometabolic,Allen_AIFI_Olink
FUOM,A2VDF0,OID30626,Inflammation_II,Allen_AIFI_Olink
FURIN,P09958,OID21514,Oncology,Allen_AIFI_Olink
FUS,P35637,OID21256,Oncology,Allen_AIFI_Olink
FUT1,P19526,OID31295,Oncology_II,Allen_AIFI_Olink
FUT3_FUT5,P21217_Q11128,OID21013,Neurology,Allen_AIFI_Olink
FUT8,Q9BYC5,OID20992,Neurology,Allen_AIFI_Olink
FXN,Q16595,OID21442,Oncology,Allen_AIFI_Olink
FXYD5,Q96DB9,OID20463,Inflammation,Allen_AIFI_Olink
FYB1,O15117,OID21140,Neurology,Allen_AIFI_Olink
FZD10,Q9ULW2,OID30931,Neurology_II,Allen_AIFI_Olink
FZD8,Q9H461,OID30818,Neurology_II,Allen_AIFI_Olink
GABARAP,O95166,OID31414,Oncology_II,Allen_AIFI_Olink
GABARAPL1,Q9H0R8,OID31253,Oncology_II,Allen_AIFI_Olink
GABRA4,P48169,OID30803,Neurology_II,Allen_AIFI_Olink
GAD1,Q99259,OID31166,Oncology_II,Allen_AIFI_Olink
GAD2,Q05329,OID30449,Inflammation_II,Allen_AIFI_Olink
GADD45B,O75293,OID31261,Oncology_II,Allen_AIFI_Olink
GADD45GIP1,Q8TAE8,OID30237,Cardiometabolic_II,Allen_AIFI_Olink
GAGE2A,Q6NT46,OID31199,Oncology_II,Allen_AIFI_Olink
GAL,P22466,OID20727,Inflammation,Allen_AIFI_Olink
GALNT10,Q86SR1,OID21371,Oncology,Allen_AIFI_Olink
GALNT2,Q10471,OID21423,Oncology,Allen_AIFI_Olink
GALNT3,Q14435,OID20471,Inflammation,Allen_AIFI_Olink
GALNT5,Q7Z7M9,OID30295,Cardiometabolic_II,Allen_AIFI_Olink
GALNT7,Q86SF2,OID21377,Oncology,Allen_AIFI_Olink
GAMT,Q14353,OID30133,Cardiometabolic_II,Allen_AIFI_Olink
GAPDH,P04406,OID30600,Inflammation_II,Allen_AIFI_Olink
GART,P22102,OID31004,Neurology_II,Allen_AIFI_Olink
GAS2,O43903,OID31285,Oncology_II,Allen_AIFI_Olink
GAS6,Q14393,OID20318,Cardiometabolic,Allen_AIFI_Olink
GASK1A,Q9UFP1,OID30109,Cardiometabolic_II,Allen_AIFI_Olink
GAST,P01350,OID31083,Neurology_II,Allen_AIFI_Olink
GATA3,P23771,OID31219,Oncology_II,Allen_AIFI_Olink
GATD3,P0DPI2,OID30253,Cardiometabolic_II,Allen_AIFI_Olink
GBA,P04062,OID30966,Neurology_II,Allen_AIFI_Olink
GBP1,P32455,OID31128,Neurology_II,Allen_AIFI_Olink
GBP2,P32456,OID20489,Inflammation,Allen_AIFI_Olink
GBP4,Q96PP9,OID20845,Neurology,Allen_AIFI_Olink
GBP6,Q6ZN66,OID30139,Cardiometabolic_II,Allen_AIFI_Olink
GC,P02774,OID30780,Inflammation_II,Allen_AIFI_Olink
GCC1,Q96CN9,OID31147,Neurology_II,Allen_AIFI_Olink
GCG,P01275,OID21263,Oncology,Allen_AIFI_Olink
GCHFR,P30047,OID30631,Inflammation_II,Allen_AIFI_Olink
GCLM,P48507,OID30059,Cardiometabolic_II,Allen_AIFI_Olink
GCNT1,Q02742,OID21379,Oncology,Allen_AIFI_Olink
GDF15,Q99988,OID20251,Cardiometabolic,Allen_AIFI_Olink
GDF2,Q9UK05,OID20202,Cardiometabolic,Allen_AIFI_Olink
GDNF,P39905,OID20861,Neurology,Allen_AIFI_Olink
GET3,O43681,OID30303,Cardiometabolic_II,Allen_AIFI_Olink
GFAP,P14136,OID21247,Oncology,Allen_AIFI_Olink
GFER,P55789,OID21259,Oncology,Allen_AIFI_Olink
GFOD2,Q3B7J2,OID21216,Oncology,Allen_AIFI_Olink
GFRA1,P56159,OID21457,Oncology,Allen_AIFI_Olink
GFRA2,O00451,OID21330,Oncology,Allen_AIFI_Olink
GFRA3,O60609,OID20933,Neurology,Allen_AIFI_Olink
GFRAL,Q6UXV0,OID31091,Neurology_II,Allen_AIFI_Olink
GGA1,Q9UJY5,OID20838,Neurology,Allen_AIFI_Olink
GGACT,Q9BVM4,OID30290,Cardiometabolic_II,Allen_AIFI_Olink
GGCT,O75223,OID30304,Cardiometabolic_II,Allen_AIFI_Olink
GGH,Q92820,OID20416,Cardiometabolic,Allen_AIFI_Olink
GGT1,P19440,OID21075,Neurology,Allen_AIFI_Olink
GGT5,P36269,OID20909,Neurology,Allen_AIFI_Olink
GH1,P01241,OID20220,Cardiometabolic,Allen_AIFI_Olink
GH2,P01242,OID21168,Oncology,Allen_AIFI_Olink
GHR,P10912,OID30574,Inflammation_II,Allen_AIFI_Olink
GHRHR,Q02643,OID20841,Neurology,Allen_AIFI_Olink
GHRL,Q9UBU3,OID20175,Cardiometabolic,Allen_AIFI_Olink
GID8,Q9NWU2,OID31041,Neurology_II,Allen_AIFI_Olink
GIGYF2,Q6Y7W6,OID31062,Neurology_II,Allen_AIFI_Olink
GIMAP7,Q8NHV1,OID30639,Inflammation_II,Allen_AIFI_Olink
GIMAP8,Q8ND71,OID31194,Oncology_II,Allen_AIFI_Olink
GIP,P09681,OID30288,Cardiometabolic_II,Allen_AIFI_Olink
GIPC2,Q8TF65,OID31153,Neurology_II,Allen_AIFI_Olink
GIPC3,Q8TF64,OID31507,Oncology_II,Allen_AIFI_Olink
GIPR,P48546,OID30542,Inflammation_II,Allen_AIFI_Olink
GIT1,Q9Y2X7,OID30533,Inflammation_II,Allen_AIFI_Olink
GJA8,P48165,OID31187,Oncology_II,Allen_AIFI_Olink
GKN1,Q9NS71,OID20885,Neurology,Allen_AIFI_Olink
GLA,P06280,OID30594,Inflammation_II,Allen_AIFI_Olink
GLB1,P16278,OID20949,Neurology,Allen_AIFI_Olink
GLI2,P10070,OID30429,Inflammation_II,Allen_AIFI_Olink
GLIPR1,P48060,OID31517,Oncology_II,Allen_AIFI_Olink
GLO1,Q04760,OID20107,Cardiometabolic,Allen_AIFI_Olink
GLOD4,Q9HC38,OID20710,Inflammation,Allen_AIFI_Olink
GLP1R,P43220,OID30809,Neurology_II,Allen_AIFI_Olink
GLRX,P35754,OID20195,Cardiometabolic,Allen_AIFI_Olink
GLRX5,Q86SX6,OID30663,Inflammation_II,Allen_AIFI_Olink
GLT8D2,Q9H1C3,OID20825,Neurology,Allen_AIFI_Olink
GLYR1,Q49A26,OID31364,Oncology_II,Allen_AIFI_Olink
GM2A,P17900,OID30413,Cardiometabolic_II,Allen_AIFI_Olink
GMFG,O60234,OID30340,Cardiometabolic_II,Allen_AIFI_Olink
GMPR,P36959,OID20641,Inflammation,Allen_AIFI_Olink
GMPR2,Q9P2T1,OID30623,Inflammation_II,Allen_AIFI_Olink
GNAS,O95467,OID31008,Neurology_II,Allen_AIFI_Olink
GNE,Q9Y223,OID21231,Oncology,Allen_AIFI_Olink
GNGT1,P63211,OID30920,Neurology_II,Allen_AIFI_Olink
GNLY,P22749,OID21132,Neurology,Allen_AIFI_Olink
GNPDA1,P46926,OID30197,Cardiometabolic_II,Allen_AIFI_Olink
GNPDA2,Q8TDQ7,OID30597,Inflammation_II,Allen_AIFI_Olink
GOLGA3,Q08378,OID31026,Neurology_II,Allen_AIFI_Olink
GOLM2,Q6P4E1,OID21044,Neurology,Allen_AIFI_Olink
GOPC,Q9HD26,OID20551,Inflammation,Allen_AIFI_Olink
GORASP2,Q9H8Y8,OID31438,Oncology_II,Allen_AIFI_Olink
GOT1,P17174,OID30417,Cardiometabolic_II,Allen_AIFI_Olink
GP1BA,P07359,OID20381,Cardiometabolic,Allen_AIFI_Olink
GP1BB,P13224,OID30174,Cardiometabolic_II,Allen_AIFI_Olink
GP2,P55259,OID20090,Cardiometabolic,Allen_AIFI_Olink
GP5,P40197,OID30611,Inflammation_II,Allen_AIFI_Olink
GP6,Q9HCN6,OID21091,Neurology,Allen_AIFI_Olink
GPA33,Q99795,OID21376,Oncology,Allen_AIFI_Olink
GPC1,P35052,OID21438,Oncology,Allen_AIFI_Olink
GPC5,P78333,OID20944,Neurology,Allen_AIFI_Olink
GPD1,P21695,OID31358,Oncology_II,Allen_AIFI_Olink
GPHA2,Q96T91,OID31437,Oncology_II,Allen_AIFI_Olink
GPI,P06744,OID30680,Inflammation_II,Allen_AIFI_Olink
GPIHBP1,Q8IV16,OID31469,Oncology_II,Allen_AIFI_Olink
GPKOW,Q92917,OID20890,Neurology,Allen_AIFI_Olink
GPNMB,Q14956,OID20173,Cardiometabolic,Allen_AIFI_Olink
GPR101,Q96P66,OID30819,Neurology_II,Allen_AIFI_Olink
GPR158,Q5T848,OID31013,Neurology_II,Allen_AIFI_Olink
GPR15L,Q6UWK7,OID31511,Oncology_II,Allen_AIFI_Olink
GPR37,O15354,OID20095,Cardiometabolic,Allen_AIFI_Olink
GPRC5C,Q9NQ84,OID31340,Oncology_II,Allen_AIFI_Olink
GRAP2,O75791,OID20192,Cardiometabolic,Allen_AIFI_Olink
GRHPR,Q9UBQ7,OID30289,Cardiometabolic_II,Allen_AIFI_Olink
GRIK2,Q13002,OID30977,Neurology_II,Allen_AIFI_Olink
GRIN2B,Q13224,OID30802,Neurology_II,Allen_AIFI_Olink
GRK5,P34947,OID20066,Cardiometabolic,Allen_AIFI_Olink
GRN,P28799,OID21159,Neurology,Allen_AIFI_Olink
GRP,P07492,OID30264,Cardiometabolic_II,Allen_AIFI_Olink
GRPEL1,Q9HAV7,OID21309,Oncology,Allen_AIFI_Olink
GRSF1,Q12849,OID31224,Oncology_II,Allen_AIFI_Olink
GSAP,A4D1B5,OID21173,Oncology,Allen_AIFI_Olink
GSN,P06396,OID30714,Inflammation_II,Allen_AIFI_Olink
GSR,P00390,OID30700,Inflammation_II,Allen_AIFI_Olink
GSTA1,P08263,OID20166,Cardiometabolic,Allen_AIFI_Olink
GSTA3,Q16772,OID21242,Oncology,Allen_AIFI_Olink
GSTM4,Q03013,OID30164,Cardiometabolic_II,Allen_AIFI_Olink
GSTP1,P09211,OID20876,Neurology,Allen_AIFI_Olink
GSTT2B,P0CG30,OID31097,Neurology_II,Allen_AIFI_Olink
GTF2IRD1,Q9UHL9,OID31264,Oncology_II,Allen_AIFI_Olink
GTPBP2,Q9BX10,OID30946,Neurology_II,Allen_AIFI_Olink
GUCA2A,Q02747,OID21101,Neurology,Allen_AIFI_Olink
GUCY2C,P25092,OID31318,Oncology_II,Allen_AIFI_Olink
GUK1,Q16774,OID30148,Cardiometabolic_II,Allen_AIFI_Olink
GUSB,P08236,OID20296,Cardiometabolic,Allen_AIFI_Olink
GYS1,P13807,OID20097,Cardiometabolic,Allen_AIFI_Olink
GZMA,P12544,OID20663,Inflammation,Allen_AIFI_Olink
GZMB,P10144,OID20604,Inflammation,Allen_AIFI_Olink
GZMH,P20718,OID20096,Cardiometabolic,Allen_AIFI_Olink
H2AP,O75409,OID31232,Oncology_II,Allen_AIFI_Olink
HADH,Q16836,OID30132,Cardiometabolic_II,Allen_AIFI_Olink
HAGH,Q16775,OID21459,Oncology,Allen_AIFI_Olink
HAO1,Q9UJM8,OID21395,Oncology,Allen_AIFI_Olink
HARS,P12081,OID21086,Neurology,Allen_AIFI_Olink
HARS1,P12081,OID21086,Neurology,Allen_AIFI_Olink
HAVCR1,Q96D42,OID21422,Oncology,Allen_AIFI_Olink
HAVCR2,Q8TDQ0,OID21137,Neurology,Allen_AIFI_Olink
HBEGF,Q99075,OID21465,Oncology,Allen_AIFI_Olink
HBQ1,P09105,OID21433,Oncology,Allen_AIFI_Olink
HBZ,P02008,OID30307,Cardiometabolic_II,Allen_AIFI_Olink
HCG22,E2RYF7,OID30088,Cardiometabolic_II,Allen_AIFI_Olink
HCLS1,P14317,OID20648,Inflammation,Allen_AIFI_Olink
HDAC8,Q9BY41,OID30436,Inflammation_II,Allen_AIFI_Olink
HDAC9,Q9UKV0,OID30832,Neurology_II,Allen_AIFI_Olink
HDDC2,Q7Z4H3,OID31447,Oncology_II,Allen_AIFI_Olink
HDGF,P51858,OID21455,Oncology,Allen_AIFI_Olink
HDGFL2,Q7Z4V5,OID31136,Neurology_II,Allen_AIFI_Olink
HEBP1,Q9NRV9,OID20063,Cardiometabolic,Allen_AIFI_Olink
HEG1,Q9ULI3,OID30579,Inflammation_II,Allen_AIFI_Olink
HEPACAM2,A8MVW5,OID31151,Neurology_II,Allen_AIFI_Olink
HEPH,Q9BQS7,OID30337,Cardiometabolic_II,Allen_AIFI_Olink
HEXIM1,O94992,OID20589,Inflammation,Allen_AIFI_Olink
HGF,P14210,OID20656,Inflammation,Allen_AIFI_Olink
HGFAC,Q04756,OID30718,Inflammation_II,Allen_AIFI_Olink
HGS,O14964,OID21175,Oncology,Allen_AIFI_Olink
HHEX,Q03014,OID31107,Neurology_II,Allen_AIFI_Olink
HIF1A,Q16665,OID30425,Inflammation_II,Allen_AIFI_Olink
HIP1,O00291,OID30071,Cardiometabolic_II,Allen_AIFI_Olink
HIP1R,O75146,OID31141,Neurology_II,Allen_AIFI_Olink
HJV,Q6ZVN8,OID31006,Neurology_II,Allen_AIFI_Olink
HK2,P52789,OID20065,Cardiometabolic,Allen_AIFI_Olink
HLA-A,P04439,OID31048,Neurology_II,Allen_AIFI_Olink
HLA-DRA,P01903,OID20520,Inflammation,Allen_AIFI_Olink
HLA-E,P13747,OID20532,Inflammation,Allen_AIFI_Olink
HMBS,P08397,OID21385,Oncology,Allen_AIFI_Olink
HMCN2,Q8NDA2,OID30592,Inflammation_II,Allen_AIFI_Olink
HMGCL,P35914,OID30214,Cardiometabolic_II,Allen_AIFI_Olink
HMGCS1,Q01581,OID30157,Cardiometabolic_II,Allen_AIFI_Olink
HMMR,O75330,OID31175,Oncology_II,Allen_AIFI_Olink
HMOX1,P09601,OID20217,Cardiometabolic,Allen_AIFI_Olink
HMOX2,P30519,OID20887,Neurology,Allen_AIFI_Olink
HNF1A,P20823,OID30919,Neurology_II,Allen_AIFI_Olink
HNMT,P50135,OID20975,Neurology,Allen_AIFI_Olink
HNRNPK,P61978,OID20051,Cardiometabolic,Allen_AIFI_Olink
HNRNPUL1,Q9BUJ2,OID31037,Neurology_II,Allen_AIFI_Olink
HPCAL1,P37235,OID20615,Inflammation,Allen_AIFI_Olink
HPGDS,O60760,OID21266,Oncology,Allen_AIFI_Olink
HPSE,Q9Y251,OID30409,Cardiometabolic_II,Allen_AIFI_Olink
HRAS,P01112,OID31263,Oncology_II,Allen_AIFI_Olink
HRC,P23327,OID30211,Cardiometabolic_II,Allen_AIFI_Olink
HRG,P04196,OID30770,Inflammation_II,Allen_AIFI_Olink
HS1BP3,Q53T59,OID30243,Cardiometabolic_II,Allen_AIFI_Olink
HS3ST3B1,Q9Y662,OID21303,Oncology,Allen_AIFI_Olink
HS6ST1,O60243,OID21441,Oncology,Allen_AIFI_Olink
HS6ST2,Q96MM7,OID30481,Inflammation_II,Allen_AIFI_Olink
HSBP1,O75506,OID30232,Cardiometabolic_II,Allen_AIFI_Olink
HSD11B1,P28845,OID20575,Inflammation,Allen_AIFI_Olink
HSD17B14,Q9BPX1,OID31098,Neurology_II,Allen_AIFI_Olink
HSD17B3,P37058,OID30145,Cardiometabolic_II,Allen_AIFI_Olink
HSDL2,Q6YN16,OID30256,Cardiometabolic_II,Allen_AIFI_Olink
HSP90B1,P14625,OID20829,Neurology,Allen_AIFI_Olink
HSPA1A,P0DMV8,OID20718,Inflammation,Allen_AIFI_Olink
HSPA2,P54652,OID31424,Oncology_II,Allen_AIFI_Olink
HSPB1,P04792,OID20230,Cardiometabolic,Allen_AIFI_Olink
HSPB6,O14558,OID21408,Oncology,Allen_AIFI_Olink
HSPG2,P98160,OID20383,Cardiometabolic,Allen_AIFI_Olink
HTR1A,P08908,OID30824,Neurology_II,Allen_AIFI_Olink
HTR1B,P28222,OID30866,Neurology_II,Allen_AIFI_Olink
HTRA2,O43464,OID21471,Oncology,Allen_AIFI_Olink
HYAL1,Q12794,OID20357,Cardiometabolic,Allen_AIFI_Olink
HYOU1,Q9Y4L1,OID20300,Cardiometabolic,Allen_AIFI_Olink
ICA1,Q05084,OID20484,Inflammation,Allen_AIFI_Olink
ICAM1,P05362,OID20411,Cardiometabolic,Allen_AIFI_Olink
ICAM2,P13598,OID20248,Cardiometabolic,Allen_AIFI_Olink
ICAM3,P32942,OID20277,Cardiometabolic,Allen_AIFI_Olink
ICAM4,Q14773,OID20578,Inflammation,Allen_AIFI_Olink
ICAM5,Q9UMF0,OID20145,Cardiometabolic,Allen_AIFI_Olink
ICOSLG,O75144,OID21351,Oncology,Allen_AIFI_Olink
ID4,P47928,OID31284,Oncology_II,Allen_AIFI_Olink
IDI2,Q9BXS1,OID20823,Neurology,Allen_AIFI_Olink
IDO1,P14902,OID30230,Cardiometabolic_II,Allen_AIFI_Olink
IDO1,P14902,OID30563,Inflammation_II,Allen_AIFI_Olink
IDO1,P14902,OID31050,Neurology_II,Allen_AIFI_Olink
IDO1,P14902,OID31474,Oncology_II,Allen_AIFI_Olink
IDS,P22304,OID20619,Inflammation,Allen_AIFI_Olink
IDUA,P35475,OID21468,Oncology,Allen_AIFI_Olink
IFI30,P13284,OID31505,Oncology_II,Allen_AIFI_Olink
IFIT1,P09914,OID31310,Oncology_II,Allen_AIFI_Olink
IFIT3,O14879,OID31283,Oncology_II,Allen_AIFI_Olink
IFNAR1,P17181,OID31491,Oncology_II,Allen_AIFI_Olink
IFNG,P01579,OID20495,Inflammation,Allen_AIFI_Olink
IFNGR1,P15260,OID20678,Inflammation,Allen_AIFI_Olink
IFNGR2,P38484,OID20941,Neurology,Allen_AIFI_Olink
IFNL1,Q8IU54,OID20795,Neurology,Allen_AIFI_Olink
IFNL2,Q8IZJ0,OID30791,Neurology_II,Allen_AIFI_Olink
IFNLR1,Q8IU57,OID20506,Inflammation,Allen_AIFI_Olink
IFNW1,P05000,OID30129,Cardiometabolic_II,Allen_AIFI_Olink
IFT20,Q8IY31,OID30962,Neurology_II,Allen_AIFI_Olink
IGBP1,P78318,OID31059,Neurology_II,Allen_AIFI_Olink
IGDCC3,Q8IVU1,OID30862,Neurology_II,Allen_AIFI_Olink
IGDCC4,Q8TDY8,OID30402,Cardiometabolic_II,Allen_AIFI_Olink
IGF1R,P08069,OID21274,Oncology,Allen_AIFI_Olink
IGF2BP3,O00425,OID30112,Cardiometabolic_II,Allen_AIFI_Olink
IGF2R,P11717,OID21146,Neurology,Allen_AIFI_Olink
IGFBP1,P08833,OID20246,Cardiometabolic,Allen_AIFI_Olink
IGFBP2,P18065,OID20325,Cardiometabolic,Allen_AIFI_Olink
IGFBP3,P17936,OID20398,Cardiometabolic,Allen_AIFI_Olink
IGFBP4,P22692,OID21158,Neurology,Allen_AIFI_Olink
IGFBP6,P24592,OID20413,Cardiometabolic,Allen_AIFI_Olink
IGFBP7,Q16270,OID20236,Cardiometabolic,Allen_AIFI_Olink
IGFBPL1,Q8WX77,OID20155,Cardiometabolic,Allen_AIFI_Olink
IGFL4,Q6B9Z1,OID30500,Inflammation_II,Allen_AIFI_Olink
IGHMBP2,P38935,OID30123,Cardiometabolic_II,Allen_AIFI_Olink
IGLC2,P0DOY2,OID30740,Inflammation_II,Allen_AIFI_Olink
IGLON5,A6NGN9,OID31169,Oncology_II,Allen_AIFI_Olink
IGSF21,Q96ID5,OID30210,Cardiometabolic_II,Allen_AIFI_Olink
IGSF3,O75054,OID21312,Oncology,Allen_AIFI_Olink
IGSF8,Q969P0,OID20167,Cardiometabolic,Allen_AIFI_Olink
IGSF9,Q9P2J2,OID30330,Cardiometabolic_II,Allen_AIFI_Olink
IKBKG,Q9Y6K9,OID20544,Inflammation,Allen_AIFI_Olink
IKZF2,Q9UKS7,OID21213,Oncology,Allen_AIFI_Olink
IL10,P22301,OID20431,Inflammation,Allen_AIFI_Olink
IL10RA,Q13651,OID20420,Inflammation,Allen_AIFI_Olink
IL10RB,Q08334,OID20696,Inflammation,Allen_AIFI_Olink
IL11,P20809,OID20455,Inflammation,Allen_AIFI_Olink
IL12A_IL12B,P29459_P29460,OID21327,Oncology,Allen_AIFI_Olink
IL12B,P29460,OID20666,Inflammation,Allen_AIFI_Olink
IL12RB1,P42701,OID20486,Inflammation,Allen_AIFI_Olink
IL12RB2,Q99665,OID30422,Inflammation_II,Allen_AIFI_Olink
IL13,P35225,OID20430,Inflammation,Allen_AIFI_Olink
IL13RA1,P78552,OID21504,Oncology,Allen_AIFI_Olink
IL13RA2,Q14627,OID30841,Neurology_II,Allen_AIFI_Olink
IL15,P40933,OID20562,Inflammation,Allen_AIFI_Olink
IL15RA,Q13261,OID20498,Inflammation,Allen_AIFI_Olink
IL16,Q14005,OID20633,Inflammation,Allen_AIFI_Olink
IL17A,Q16552,OID20469,Inflammation,Allen_AIFI_Olink
IL17C,Q9P0M4,OID20477,Inflammation,Allen_AIFI_Olink
IL17D,Q8TAD2,OID20481,Inflammation,Allen_AIFI_Olink
IL17F,Q96PD4,OID20456,Inflammation,Allen_AIFI_Olink
IL17RA,Q96F46,OID21089,Neurology,Allen_AIFI_Olink
IL17RB,Q9NRM6,OID20585,Inflammation,Allen_AIFI_Olink
IL18,Q14116,OID20694,Inflammation,Allen_AIFI_Olink
IL18BP,O95998,OID20348,Cardiometabolic,Allen_AIFI_Olink
IL18R1,Q13478,OID20652,Inflammation,Allen_AIFI_Olink
IL18RAP,O95256,OID20900,Neurology,Allen_AIFI_Olink
IL19,Q9UHD0,OID20158,Cardiometabolic,Allen_AIFI_Olink
IL1A,P01583,OID20488,Inflammation,Allen_AIFI_Olink
IL1B,P01584,OID20427,Inflammation,Allen_AIFI_Olink
IL1R1,P14778,OID21116,Neurology,Allen_AIFI_Olink
IL1R2,P27930,OID20757,Inflammation,Allen_AIFI_Olink
IL1RAP,Q9NPH3,OID21126,Neurology,Allen_AIFI_Olink
IL1RL1,Q01638,OID20250,Cardiometabolic,Allen_AIFI_Olink
IL1RL2,Q9HB29,OID20487,Inflammation,Allen_AIFI_Olink
IL1RN,P18510,OID20700,Inflammation,Allen_AIFI_Olink
IL2,P60568,OID20419,Inflammation,Allen_AIFI_Olink
IL20,Q9NYY1,OID20453,Inflammation,Allen_AIFI_Olink
IL20RA,Q9UHF4,OID20422,Inflammation,Allen_AIFI_Olink
IL20RB,Q6UXL0,OID30461,Inflammation_II,Allen_AIFI_Olink
IL21R,Q9HBE5,OID30441,Inflammation_II,Allen_AIFI_Olink
IL22,Q9GZX6,OID31407,Oncology_II,Allen_AIFI_Olink
IL22RA1,Q8N6P7,OID20449,Inflammation,Allen_AIFI_Olink
IL24,Q13007,OID20440,Inflammation,Allen_AIFI_Olink
IL25,Q9H293,OID31243,Oncology_II,Allen_AIFI_Olink
IL2RA,P01589,OID20267,Cardiometabolic,Allen_AIFI_Olink
IL2RB,P14784,OID20450,Inflammation,Allen_AIFI_Olink
IL2RG,P31785,OID31361,Oncology_II,Allen_AIFI_Olink
IL3,P08700,OID31229,Oncology_II,Allen_AIFI_Olink
IL31,Q6EBC2,OID30487,Inflammation_II,Allen_AIFI_Olink
IL31RA,Q8NI17,OID30475,Inflammation_II,Allen_AIFI_Olink
IL32,P24001,OID20605,Inflammation,Allen_AIFI_Olink
IL33,O95760,OID20428,Inflammation,Allen_AIFI_Olink
IL34,Q6ZMJ4,OID20809,Neurology,Allen_AIFI_Olink
IL36A,Q9UHA7,OID30472,Inflammation_II,Allen_AIFI_Olink
IL36G,Q9NZH8,OID30551,Inflammation_II,Allen_AIFI_Olink
IL3RA,P26951,OID20461,Inflammation,Allen_AIFI_Olink
IL4,P05112,OID20426,Inflammation,Allen_AIFI_Olink
IL4R,P24394,OID20576,Inflammation,Allen_AIFI_Olink
IL5,P05113,OID20472,Inflammation,Allen_AIFI_Olink
IL5RA,Q01344,OID20601,Inflammation,Allen_AIFI_Olink
IL6,P05231,OID20101,Cardiometabolic,Allen_AIFI_Olink
IL6,P05231,OID20563,Inflammation,Allen_AIFI_Olink
IL6,P05231,OID20911,Neurology,Allen_AIFI_Olink
IL6,P05231,OID21276,Oncology,Allen_AIFI_Olink
IL6R,P08887,OID20385,Cardiometabolic,Allen_AIFI_Olink
IL6ST,P40189,OID20147,Cardiometabolic,Allen_AIFI_Olink
IL7,P13232,OID20535,Inflammation,Allen_AIFI_Olink
IL7R,P16871,OID21136,Neurology,Allen_AIFI_Olink
IL9,P15248,OID31298,Oncology_II,Allen_AIFI_Olink
ILKAP,Q9H0C8,OID20855,Neurology,Allen_AIFI_Olink
IMMT,Q16891,OID31397,Oncology_II,Allen_AIFI_Olink
IMPA1,P29218,OID20907,Neurology,Allen_AIFI_Olink
IMPACT,Q9P2X3,OID31112,Neurology_II,Allen_AIFI_Olink
IMPG1,Q17R60,OID30814,Neurology_II,Allen_AIFI_Olink
ING1,Q9UK53,OID20853,Neurology,Allen_AIFI_Olink
INHBB,P09529,OID30625,Inflammation_II,Allen_AIFI_Olink
INHBC,P55103,OID21093,Neurology,Allen_AIFI_Olink
INPP1,P49441,OID21345,Oncology,Allen_AIFI_Olink
INPP5D,Q92835,OID30259,Cardiometabolic_II,Allen_AIFI_Olink
INPP5J,Q15735,OID30975,Neurology_II,Allen_AIFI_Olink
INPPL1,O15357,OID21314,Oncology,Allen_AIFI_Olink
INSL3,P51460,OID31129,Neurology_II,Allen_AIFI_Olink
INSL4,Q14641,OID31370,Oncology_II,Allen_AIFI_Olink
INSL5,Q9Y5Q6,OID31448,Oncology_II,Allen_AIFI_Olink
INSR,P06213,OID30566,Inflammation_II,Allen_AIFI_Olink
IPCEF1,Q8WWN9,OID20977,Neurology,Allen_AIFI_Olink
IQGAP2,Q13576,OID21361,Oncology,Allen_AIFI_Olink
IRAG2,Q12912,OID20085,Cardiometabolic,Allen_AIFI_Olink
IRAK1,P51617,OID20485,Inflammation,Allen_AIFI_Olink
IRAK4,Q9NWZ3,OID20577,Inflammation,Allen_AIFI_Olink
ISLR2,Q6UXK2,OID20889,Neurology,Allen_AIFI_Olink
ISM1,B1AKI9,OID20538,Inflammation,Allen_AIFI_Olink
ISM2,Q6H9L7,OID30365,Cardiometabolic_II,Allen_AIFI_Olink
IST1,P53990,OID31497,Oncology_II,Allen_AIFI_Olink
ITGA11,Q9UKX5,OID20581,Inflammation,Allen_AIFI_Olink
ITGA2,P17301,OID30570,Inflammation_II,Allen_AIFI_Olink
ITGA5,P08648,OID21139,Neurology,Allen_AIFI_Olink
ITGA6,P23229,OID20528,Inflammation,Allen_AIFI_Olink
ITGAL,P20701,OID30537,Inflammation_II,Allen_AIFI_Olink
ITGAM,P11215,OID21071,Neurology,Allen_AIFI_Olink
ITGAV,P06756,OID21416,Oncology,Allen_AIFI_Olink
ITGAX,P20702,OID31325,Oncology_II,Allen_AIFI_Olink
ITGB1,P05556,OID20376,Cardiometabolic,Allen_AIFI_Olink
ITGB1BP1,O14713,OID21268,Oncology,Allen_AIFI_Olink
ITGB1BP2,Q9UKP3,OID20112,Cardiometabolic,Allen_AIFI_Olink
ITGB2,P05107,OID20315,Cardiometabolic,Allen_AIFI_Olink
ITGB5,P18084,OID21522,Oncology,Allen_AIFI_Olink
ITGB6,P18564,OID20493,Inflammation,Allen_AIFI_Olink
ITGB7,P26010,OID21393,Oncology,Allen_AIFI_Olink
ITGBL1,O95965,OID30408,Cardiometabolic_II,Allen_AIFI_Olink
ITIH1,P19827,OID30722,Inflammation_II,Allen_AIFI_Olink
ITIH3,Q06033,OID20352,Cardiometabolic,Allen_AIFI_Olink
ITIH4,Q14624,OID30762,Inflammation_II,Allen_AIFI_Olink
ITIH5,Q86UX2,OID31430,Oncology_II,Allen_AIFI_Olink
ITM2A,O43736,OID20504,Inflammation,Allen_AIFI_Olink
ITPA,Q9BY32,OID30082,Cardiometabolic_II,Allen_AIFI_Olink
ITPR1,Q14643,OID30216,Cardiometabolic_II,Allen_AIFI_Olink
ITPRIP,Q8IWB1,OID30860,Neurology_II,Allen_AIFI_Olink
IVD,P26440,OID20833,Neurology,Allen_AIFI_Olink
IZUMO1,Q8IYV9,OID31159,Oncology_II,Allen_AIFI_Olink
JAM2,P57087,OID21064,Neurology,Allen_AIFI_Olink
JAM3,Q9BX67,OID30586,Inflammation_II,Allen_AIFI_Olink
JCHAIN,P01591,OID20494,Inflammation,Allen_AIFI_Olink
JMJD1C,Q15652,OID31172,Oncology_II,Allen_AIFI_Olink
JPT2,Q9H910,OID31520,Oncology_II,Allen_AIFI_Olink
JUN,P05412,OID20424,Inflammation,Allen_AIFI_Olink
KAZALD1,Q96I82,OID21339,Oncology,Allen_AIFI_Olink
KAZN,Q674X7,OID31481,Oncology_II,Allen_AIFI_Olink
KCNC4,Q03721,OID30813,Neurology_II,Allen_AIFI_Olink
KCNH2,Q12809,OID30899,Neurology_II,Allen_AIFI_Olink
KCNIP4,Q6PIL6,OID20813,Neurology,Allen_AIFI_Olink
KCTD5,Q9NXV2,OID31148,Neurology_II,Allen_AIFI_Olink
KDM3A,Q9Y4C1,OID30426,Inflammation_II,Allen_AIFI_Olink
KDR,P35968,OID21497,Oncology,Allen_AIFI_Olink
KEL,P23276,OID20881,Neurology,Allen_AIFI_Olink
KHDC3L,Q587J8,OID31245,Oncology_II,Allen_AIFI_Olink
KHK,P50053,OID30241,Cardiometabolic_II,Allen_AIFI_Olink
KIAA0319,Q5VV43,OID31094,Neurology_II,Allen_AIFI_Olink
KIAA1549,Q9HCM3,OID31307,Oncology_II,Allen_AIFI_Olink
KIAA1549L,Q6ZVL6,OID31312,Oncology_II,Allen_AIFI_Olink
KIAA2013,Q8IYS2,OID31392,Oncology_II,Allen_AIFI_Olink
KIF1C,O43896,OID30163,Cardiometabolic_II,Allen_AIFI_Olink
KIF20B,Q96Q89,OID30816,Neurology_II,Allen_AIFI_Olink
KIF22,Q14807,OID30175,Cardiometabolic_II,Allen_AIFI_Olink
KIFBP,Q96EK5,OID21320,Oncology,Allen_AIFI_Olink
KIR2DL2,P43627,OID31431,Oncology_II,Allen_AIFI_Olink
KIR2DL3,P43628,OID21196,Oncology,Allen_AIFI_Olink
KIR2DS4,P43632,OID31432,Oncology_II,Allen_AIFI_Olink
KIR3DL1,P43629,OID21185,Oncology,Allen_AIFI_Olink
KIR3DL2,P43630,OID31191,Oncology_II,Allen_AIFI_Olink
KIRREL1,Q96J84,OID30806,Neurology_II,Allen_AIFI_Olink
KIRREL2,Q6UWL6,OID20873,Neurology,Allen_AIFI_Olink
KIT,P10721,OID20370,Cardiometabolic,Allen_AIFI_Olink
KITLG,P21583,OID20196,Cardiometabolic,Allen_AIFI_Olink
KLB,Q86Z14,OID20888,Neurology,Allen_AIFI_Olink
KLF4,O43474,OID30808,Neurology_II,Allen_AIFI_Olink
KLHL41,O60662,OID30986,Neurology_II,Allen_AIFI_Olink
KLK1,P06870,OID21499,Oncology,Allen_AIFI_Olink
KLK10,O43240,OID21523,Oncology,Allen_AIFI_Olink
KLK11,Q9UBX7,OID21518,Oncology,Allen_AIFI_Olink
KLK12,Q9UKR0,OID21201,Oncology,Allen_AIFI_Olink
KLK13,Q9UKR3,OID21291,Oncology,Allen_AIFI_Olink
KLK14,Q9P0G3,OID21407,Oncology,Allen_AIFI_Olink
KLK15,Q9H2R5,OID31427,Oncology_II,Allen_AIFI_Olink
KLK3,P07288,OID30364,Cardiometabolic_II,Allen_AIFI_Olink
KLK4,Q9Y5K2,OID21391,Oncology,Allen_AIFI_Olink
KLK6,Q92876,OID21526,Oncology,Allen_AIFI_Olink
KLK7,P49862,OID30652,Inflammation_II,Allen_AIFI_Olink
KLK8,O60259,OID21517,Oncology,Allen_AIFI_Olink
KLKB1,P03952,OID30760,Inflammation_II,Allen_AIFI_Olink
KLRB1,Q12918,OID20629,Inflammation,Allen_AIFI_Olink
KLRC1,P26715,OID30855,Neurology_II,Allen_AIFI_Olink
KLRD1,Q13241,OID20632,Inflammation,Allen_AIFI_Olink
KLRF1,Q9NZS2,OID30464,Inflammation_II,Allen_AIFI_Olink
KLRK1,P26718,OID31082,Neurology_II,Allen_AIFI_Olink
KRT14,P02533,OID20800,Neurology,Allen_AIFI_Olink
KRT17,Q04695,OID30092,Cardiometabolic_II,Allen_AIFI_Olink
KRT18,P05783,OID21296,Oncology,Allen_AIFI_Olink
KRT19,P08727,OID20596,Inflammation,Allen_AIFI_Olink
KRT5,P13647,OID20860,Neurology,Allen_AIFI_Olink
KRT6C,P48668,OID30169,Cardiometabolic_II,Allen_AIFI_Olink
KRT8,P05787,OID30865,Neurology_II,Allen_AIFI_Olink
KYAT1,Q16773,OID20232,Cardiometabolic,Allen_AIFI_Olink
KYNU,Q16719,OID20669,Inflammation,Allen_AIFI_Olink
L1CAM,P32004,OID21484,Oncology,Allen_AIFI_Olink
L3HYPDH,Q96EM0,OID30314,Cardiometabolic_II,Allen_AIFI_Olink
LACRT,Q9GZZ8,OID31367,Oncology_II,Allen_AIFI_Olink
LACTB2,Q53H82,OID20150,Cardiometabolic,Allen_AIFI_Olink
LAG3,P18627,OID21315,Oncology,Allen_AIFI_Olink
LAIR1,Q6GTX8,OID20737,Inflammation,Allen_AIFI_Olink
LAIR2,Q6ISS4,OID20965,Neurology,Allen_AIFI_Olink
LAMA1,P25391,OID30057,Cardiometabolic_II,Allen_AIFI_Olink
LAMA4,Q16363,OID20769,Inflammation,Allen_AIFI_Olink
LAMB1,P07942,OID30280,Cardiometabolic_II,Allen_AIFI_Olink
LAMP1,P11279,OID30416,Cardiometabolic_II,Allen_AIFI_Olink
LAMP2,P13473,OID21035,Neurology,Allen_AIFI_Olink
LAMP3,Q9UQV4,OID20638,Inflammation,Allen_AIFI_Olink
LAMTOR5,O43504,OID31396,Oncology_II,Allen_AIFI_Olink
LAP3,P28838,OID20436,Inflammation,Allen_AIFI_Olink
LARP1,Q6PKG0,OID31372,Oncology_II,Allen_AIFI_Olink
LAT,O43561,OID20640,Inflammation,Allen_AIFI_Olink
LAT2,Q9GZY6,OID21292,Oncology,Allen_AIFI_Olink
LATS1,O95835,OID30523,Inflammation_II,Allen_AIFI_Olink
LAYN,Q6UX15,OID20970,Neurology,Allen_AIFI_Olink
LBP,P18428,OID20355,Cardiometabolic,Allen_AIFI_Olink
LBR,Q14739,OID21034,Neurology,Allen_AIFI_Olink
LCAT,P04180,OID30677,Inflammation_II,Allen_AIFI_Olink
LCN15,Q6UWW0,OID31032,Neurology_II,Allen_AIFI_Olink
LCN2,P80188,OID20392,Cardiometabolic,Allen_AIFI_Olink
LCP1,P13796,OID30367,Cardiometabolic_II,Allen_AIFI_Olink
LDLR,P01130,OID20240,Cardiometabolic,Allen_AIFI_Olink
LDLRAP1,Q5SW96,OID31068,Neurology_II,Allen_AIFI_Olink
LECT2,O14960,OID30320,Cardiometabolic_II,Allen_AIFI_Olink
LEFTY2,O00292,OID21454,Oncology,Allen_AIFI_Olink
LEG1,Q6P5S2,OID30608,Inflammation_II,Allen_AIFI_Olink
LELP1,Q5T871,OID30845,Neurology_II,Allen_AIFI_Olink
LEO1,Q8WVC0,OID30991,Neurology_II,Allen_AIFI_Olink
LEP,P41159,OID20187,Cardiometabolic,Allen_AIFI_Olink
LEPR,P48357,OID20128,Cardiometabolic,Allen_AIFI_Olink
LETM1,O95202,OID31018,Neurology_II,Allen_AIFI_Olink
LGALS1,P09382,OID20154,Cardiometabolic,Allen_AIFI_Olink
LGALS3,P17931,OID20284,Cardiometabolic,Allen_AIFI_Olink
LGALS3BP,Q08380,OID30765,Inflammation_II,Allen_AIFI_Olink
LGALS4,P56470,OID20748,Inflammation,Allen_AIFI_Olink
LGALS7_LGALS7B,P47929,OID21406,Oncology,Allen_AIFI_Olink
LGALS8,O00214,OID21041,Neurology,Allen_AIFI_Olink
LGALS9,O00182,OID20781,Inflammation,Allen_AIFI_Olink
LGMN,Q99538,OID20773,Inflammation,Allen_AIFI_Olink
LHB,P01229,OID21248,Oncology,Allen_AIFI_Olink
LHPP,Q9H008,OID20749,Inflammation,Allen_AIFI_Olink
LIF,P15018,OID20824,Neurology,Allen_AIFI_Olink
LIFR,P42702,OID20606,Inflammation,Allen_AIFI_Olink
LILRA2,Q8N149,OID21152,Neurology,Allen_AIFI_Olink
LILRA3,Q8N6C8,OID30376,Cardiometabolic_II,Allen_AIFI_Olink
LILRA4,P59901,OID30162,Cardiometabolic_II,Allen_AIFI_Olink
LILRA5,A6NI73,OID20209,Cardiometabolic,Allen_AIFI_Olink
LILRA6,Q6PI73,OID30346,Cardiometabolic_II,Allen_AIFI_Olink
LILRB1,Q8NHL6,OID20323,Cardiometabolic,Allen_AIFI_Olink
LILRB2,Q8N423,OID20301,Cardiometabolic,Allen_AIFI_Olink
LILRB4,Q8NHJ6,OID20429,Inflammation,Allen_AIFI_Olink
LILRB5,O75023,OID20324,Cardiometabolic,Allen_AIFI_Olink
LIPF,P07098,OID30266,Cardiometabolic_II,Allen_AIFI_Olink
LMNB1,P20700,OID31501,Oncology_II,Allen_AIFI_Olink
LMNB2,Q03252,OID31109,Neurology_II,Allen_AIFI_Olink
LMOD1,P29536,OID30212,Cardiometabolic_II,Allen_AIFI_Olink
LMOD1,P29536,OID30547,Inflammation_II,Allen_AIFI_Olink
LMOD1,P29536,OID31014,Neurology_II,Allen_AIFI_Olink
LMOD1,P29536,OID31416,Oncology_II,Allen_AIFI_Olink
LMOD2,Q6P5Q4,OID30864,Neurology_II,Allen_AIFI_Olink
LONP1,P36776,OID30219,Cardiometabolic_II,Allen_AIFI_Olink
LPA,P08519,OID30747,Inflammation_II,Allen_AIFI_Olink
LPCAT2,Q7L5N7,OID21290,Oncology,Allen_AIFI_Olink
LPL,P06858,OID20188,Cardiometabolic,Allen_AIFI_Olink
LPO,P22079,OID20963,Neurology,Allen_AIFI_Olink
LPP,Q93052,OID30190,Cardiometabolic_II,Allen_AIFI_Olink
LRCH4,O75427,OID30191,Cardiometabolic_II,Allen_AIFI_Olink
LRFN2,Q9ULH4,OID30895,Neurology_II,Allen_AIFI_Olink
LRG1,P02750,OID30751,Inflammation_II,Allen_AIFI_Olink
LRIG1,Q96JA1,OID21429,Oncology,Allen_AIFI_Olink
LRIG3,Q6UXM1,OID30450,Inflammation_II,Allen_AIFI_Olink
LRMP,Q12912,OID20085,Cardiometabolic,Allen_AIFI_Olink
LRP1,Q07954,OID21293,Oncology,Allen_AIFI_Olink
LRP11,Q86VZ4,OID20185,Cardiometabolic,Allen_AIFI_Olink
LRP2,P98164,OID30960,Neurology_II,Allen_AIFI_Olink
LRP2BP,Q9P2M1,OID30907,Neurology_II,Allen_AIFI_Olink
LRPAP1,P30533,OID21059,Neurology,Allen_AIFI_Olink
LRRC25,Q8N386,OID21333,Oncology,Allen_AIFI_Olink
LRRC37A2,A6NM11,OID31440,Oncology_II,Allen_AIFI_Olink
LRRC38,Q5VT99,OID30924,Neurology_II,Allen_AIFI_Olink
LRRC59,Q96AG4,OID30361,Cardiometabolic_II,Allen_AIFI_Olink
LRRFIP1,Q32MZ4,OID31344,Oncology_II,Allen_AIFI_Olink
LRRN1,Q6UXK5,OID20438,Inflammation,Allen_AIFI_Olink
LRTM1,Q9HBL6,OID30906,Neurology_II,Allen_AIFI_Olink
LRTM2,Q8N967,OID31020,Neurology_II,Allen_AIFI_Olink
LSM1,O15116,OID21210,Oncology,Allen_AIFI_Olink
LSM8,O95777,OID31269,Oncology_II,Allen_AIFI_Olink
LSP1,P33241,OID20530,Inflammation,Allen_AIFI_Olink
LTA,P01374,OID20586,Inflammation,Allen_AIFI_Olink
LTA4H,P09960,OID21452,Oncology,Allen_AIFI_Olink
LTB,Q06643,OID31383,Oncology_II,Allen_AIFI_Olink
LTBP2,Q14767,OID20254,Cardiometabolic,Allen_AIFI_Olink
LTBP3,Q9NS15,OID21191,Oncology,Allen_AIFI_Olink
LTBR,P36941,OID20768,Inflammation,Allen_AIFI_Olink
LTO1,Q8WV07,OID20434,Inflammation,Allen_AIFI_Olink
LUZP2,Q86TE4,OID31402,Oncology_II,Allen_AIFI_Olink
LXN,Q9BS40,OID21003,Neurology,Allen_AIFI_Olink
LY6D,Q14210,OID20708,Inflammation,Allen_AIFI_Olink
LY75,O60449,OID20580,Inflammation,Allen_AIFI_Olink
LY9,Q9HBG7,OID20670,Inflammation,Allen_AIFI_Olink
LY96,Q9Y6Y9,OID20945,Neurology,Allen_AIFI_Olink
LYAR,Q9NX58,OID21264,Oncology,Allen_AIFI_Olink
LYN,P07948,OID21350,Oncology,Allen_AIFI_Olink
LYPD1,Q8N2G4,OID20821,Neurology,Allen_AIFI_Olink
LYPD3,O95274,OID21530,Oncology,Allen_AIFI_Olink
LYPD8,Q6UX82,OID21251,Oncology,Allen_AIFI_Olink
LYPLA2,O95372,OID30817,Neurology_II,Allen_AIFI_Olink
LYSMD3,Q7Z3D4,OID30950,Neurology_II,Allen_AIFI_Olink
LYVE1,Q9Y5Y7,OID30728,Inflammation_II,Allen_AIFI_Olink
LYZL2,Q7Z4W2,OID31180,Oncology_II,Allen_AIFI_Olink
LZTFL1,Q9NQ48,OID30637,Inflammation_II,Allen_AIFI_Olink
M6PR,P20645,OID30208,Cardiometabolic_II,Allen_AIFI_Olink
MAD1L1,Q9Y6D9,OID20904,Neurology,Allen_AIFI_Olink
MAEA,Q7L5Y9,OID21206,Oncology,Allen_AIFI_Olink
MAG,P20916,OID30967,Neurology_II,Allen_AIFI_Olink
MAGEA3,P43357,OID31331,Oncology_II,Allen_AIFI_Olink
MAGED1,Q9Y5V3,OID21181,Oncology,Allen_AIFI_Olink
MAMDC2,Q7Z304,OID30309,Cardiometabolic_II,Allen_AIFI_Olink
MAMDC4,Q6UXC1,OID31342,Oncology_II,Allen_AIFI_Olink
MAN1A2,O60476,OID30262,Cardiometabolic_II,Allen_AIFI_Olink
MAN2B2,Q9Y2E5,OID30306,Cardiometabolic_II,Allen_AIFI_Olink
MANEAL,Q5VSG8,OID31244,Oncology_II,Allen_AIFI_Olink
MANF,P55145,OID20707,Inflammation,Allen_AIFI_Olink
MANSC1,Q9H8J5,OID21492,Oncology,Allen_AIFI_Olink
MANSC4,A6NHS7,OID30141,Cardiometabolic_II,Allen_AIFI_Olink
MAP1LC3A,Q9H492,OID30868,Neurology_II,Allen_AIFI_Olink
MAP1LC3B2,A6NCE7,OID30074,Cardiometabolic_II,Allen_AIFI_Olink
MAP2,P11137,OID31138,Neurology_II,Allen_AIFI_Olink
MAP2K1,Q02750,OID31468,Oncology_II,Allen_AIFI_Olink
MAP2K6,P52564,OID20552,Inflammation,Allen_AIFI_Olink
MAP3K5,Q99683,OID21253,Oncology,Allen_AIFI_Olink
MAP4K5,Q9Y4K4,OID20899,Neurology,Allen_AIFI_Olink
MAPK13,O15264,OID31205,Oncology_II,Allen_AIFI_Olink
MAPK9,P45984,OID20557,Inflammation,Allen_AIFI_Olink
MAPKAPK2,P49137,OID31293,Oncology_II,Allen_AIFI_Olink
MAPRE3,Q9UPY8,OID31177,Oncology_II,Allen_AIFI_Olink
MAPT,P10636,OID20830,Neurology,Allen_AIFI_Olink
MARCO,Q9UEW3,OID20210,Cardiometabolic,Allen_AIFI_Olink
MARS1,P56192,OID30658,Inflammation_II,Allen_AIFI_Olink
MASP1,P48740,OID20954,Neurology,Allen_AIFI_Olink
MATN2,O00339,OID20767,Inflammation,Allen_AIFI_Olink
MATN3,O15232,OID20979,Neurology,Allen_AIFI_Olink
MAVS,Q7Z434,OID21204,Oncology,Allen_AIFI_Olink
MAX,P61244,OID20877,Neurology,Allen_AIFI_Olink
MB,P02144,OID20263,Cardiometabolic,Allen_AIFI_Olink
MBL2,P11226,OID30759,Inflammation_II,Allen_AIFI_Olink
MCAM,P43121,OID20343,Cardiometabolic,Allen_AIFI_Olink
MCEE,Q96PE7,OID31033,Neurology_II,Allen_AIFI_Olink
MCEMP1,Q8IX19,OID30501,Inflammation_II,Allen_AIFI_Olink
MCFD2,Q8NI22,OID20171,Cardiometabolic,Allen_AIFI_Olink
MCTS1,Q9ULC4,OID31444,Oncology_II,Allen_AIFI_Olink
MDGA1,Q8NFP4,OID20951,Neurology,Allen_AIFI_Olink
MDH1,P40925,OID30669,Inflammation_II,Allen_AIFI_Olink
MDK,P21741,OID21489,Oncology,Allen_AIFI_Olink
MDM1,Q8TC05,OID30945,Neurology_II,Allen_AIFI_Olink
MECR,Q9BV79,OID30274,Cardiometabolic_II,Allen_AIFI_Olink
MED18,Q9BUE0,OID21236,Oncology,Allen_AIFI_Olink
MED21,Q13503,OID30066,Cardiometabolic_II,Allen_AIFI_Olink
MEGF10,Q96KG7,OID20746,Inflammation,Allen_AIFI_Olink
MEGF11,A6BM72,OID30099,Cardiometabolic_II,Allen_AIFI_Olink
MEGF9,Q9H1U4,OID20285,Cardiometabolic,Allen_AIFI_Olink
MELTF,P08582,OID30347,Cardiometabolic_II,Allen_AIFI_Olink
MENT,Q9BUN1,OID30595,Inflammation_II,Allen_AIFI_Olink
MEP1A,Q16819,OID31459,Oncology_II,Allen_AIFI_Olink
MEP1B,Q16820,OID20168,Cardiometabolic,Allen_AIFI_Olink
MEPE,Q9NQ76,OID20753,Inflammation,Allen_AIFI_Olink
MERTK,Q12866,OID20657,Inflammation,Allen_AIFI_Olink
MESD,Q14696,OID21099,Neurology,Allen_AIFI_Olink
MET,P08581,OID20269,Cardiometabolic,Allen_AIFI_Olink
METAP1,P53582,OID20815,Neurology,Allen_AIFI_Olink
METAP1D,Q6UB28,OID20519,Inflammation,Allen_AIFI_Olink
METAP2,P50579,OID21437,Oncology,Allen_AIFI_Olink
MFAP3,P55082,OID20057,Cardiometabolic,Allen_AIFI_Olink
MFAP3L,O75121,OID30933,Neurology_II,Allen_AIFI_Olink
MFAP4,P55083,OID30598,Inflammation_II,Allen_AIFI_Olink
MFAP5,Q13361,OID20239,Cardiometabolic,Allen_AIFI_Olink
MFGE8,Q08431,OID21134,Neurology,Allen_AIFI_Olink
MGLL,Q99685,OID20711,Inflammation,Allen_AIFI_Olink
MGMT,P16455,OID20588,Inflammation,Allen_AIFI_Olink
MIA,Q16674,OID21531,Oncology,Allen_AIFI_Olink
MICALL2,Q8IY33,OID30889,Neurology_II,Allen_AIFI_Olink
MICB_MICA,Q29980_Q29983,OID20593,Inflammation,Allen_AIFI_Olink
MIF,P14174,OID21073,Neurology,Allen_AIFI_Olink
MILR1,Q7Z6M3,OID20482,Inflammation,Allen_AIFI_Olink
MINDY1,Q8N5J2,OID31399,Oncology_II,Allen_AIFI_Olink
MINK1,Q8N4C8,OID31156,Neurology_II,Allen_AIFI_Olink
MITD1,Q8WV92,OID20959,Neurology,Allen_AIFI_Olink
MKI67,P46013,OID30455,Inflammation_II,Allen_AIFI_Olink
MLLT1,Q03111,OID31211,Oncology_II,Allen_AIFI_Olink
MLN,P12872,OID20541,Inflammation,Allen_AIFI_Olink
MME,P08473,OID21307,Oncology,Allen_AIFI_Olink
MMP1,P03956,OID20672,Inflammation,Allen_AIFI_Olink
MMP10,P09238,OID20687,Inflammation,Allen_AIFI_Olink
MMP12,P39900,OID21439,Oncology,Allen_AIFI_Olink
MMP13,P45452,OID20807,Neurology,Allen_AIFI_Olink
MMP15,P51511,OID30299,Cardiometabolic_II,Allen_AIFI_Olink
MMP3,P08254,OID21083,Neurology,Allen_AIFI_Olink
MMP7,P09237,OID20087,Cardiometabolic,Allen_AIFI_Olink
MMP8,P22894,OID21019,Neurology,Allen_AIFI_Olink
MMP9,P14780,OID21103,Neurology,Allen_AIFI_Olink
MMUT,P22033,OID30159,Cardiometabolic_II,Allen_AIFI_Olink
MN1,Q10571,OID30908,Neurology_II,Allen_AIFI_Olink
MNAT1,P51948,OID31327,Oncology_II,Allen_AIFI_Olink
MNDA,P41218,OID20156,Cardiometabolic,Allen_AIFI_Olink
MOCS2,O96007,OID30638,Inflammation_II,Allen_AIFI_Olink
MOG,Q16653,OID21384,Oncology,Allen_AIFI_Olink
MORC3,Q14149,OID31073,Neurology_II,Allen_AIFI_Olink
MORF4L1,Q9UBU8,OID31257,Oncology_II,Allen_AIFI_Olink
MORF4L2,Q15014,OID31160,Oncology_II,Allen_AIFI_Olink
MORN4,Q8NDC4,OID31217,Oncology_II,Allen_AIFI_Olink
MPHOSPH8,Q99549,OID20092,Cardiometabolic,Allen_AIFI_Olink
MPI,P34949,OID21288,Oncology,Allen_AIFI_Olink
MPIG6B,O95866,OID20779,Inflammation,Allen_AIFI_Olink
MPO,P05164,OID21100,Neurology,Allen_AIFI_Olink
MPRIP,Q6WCQ1,OID31420,Oncology_II,Allen_AIFI_Olink
MRC1,P22897,OID30694,Inflammation_II,Allen_AIFI_Olink
MRI1,Q9BV20,OID30891,Neurology_II,Allen_AIFI_Olink
MRPL24,Q96A35,OID30178,Cardiometabolic_II,Allen_AIFI_Olink
MRPL28,Q13084,OID31023,Neurology_II,Allen_AIFI_Olink
MRPL46,Q9H2W6,OID20858,Neurology,Allen_AIFI_Olink
MRPL52,Q86TS9,OID31239,Oncology_II,Allen_AIFI_Olink
MRPL58,Q14197,OID31036,Neurology_II,Allen_AIFI_Olink
MRPS16,Q9Y3D3,OID30489,Inflammation_II,Allen_AIFI_Olink
MSLN,Q13421,OID21380,Oncology,Allen_AIFI_Olink
MSLNL,Q96KJ4,OID30939,Neurology_II,Allen_AIFI_Olink
MSMB,P08118,OID20275,Cardiometabolic,Allen_AIFI_Olink
MSR1,P21757,OID21063,Neurology,Allen_AIFI_Olink
MSRA,Q9UJ68,OID21513,Oncology,Allen_AIFI_Olink
MST1,P26927,OID30713,Inflammation_II,Allen_AIFI_Olink
MSTN,O14793,OID20115,Cardiometabolic,Allen_AIFI_Olink
MTDH,Q86UE4,OID30538,Inflammation_II,Allen_AIFI_Olink
MTHFD2,P13995,OID31078,Neurology_II,Allen_AIFI_Olink
MTHFSD,Q2M296,OID31305,Oncology_II,Allen_AIFI_Olink
MTIF3,Q9H2K0,OID31513,Oncology_II,Allen_AIFI_Olink
MTPN,P58546,OID20080,Cardiometabolic,Allen_AIFI_Olink
MTR,Q99707,OID30110,Cardiometabolic_II,Allen_AIFI_Olink
MTSS1,O43312,OID31492,Oncology_II,Allen_AIFI_Olink
MTSS2,Q765P7,OID31409,Oncology_II,Allen_AIFI_Olink
MTUS1,Q9ULD2,OID31315,Oncology_II,Allen_AIFI_Olink
MUC13,Q9H3R2,OID20866,Neurology,Allen_AIFI_Olink
MUC16,Q8WXI7,OID21378,Oncology,Allen_AIFI_Olink
MUC2,Q02817,OID30377,Cardiometabolic_II,Allen_AIFI_Olink
MUCL3,Q3MIW9,OID31170,Oncology_II,Allen_AIFI_Olink
MVK,Q03426,OID20459,Inflammation,Allen_AIFI_Olink
MXRA8,Q9BRK3,OID30583,Inflammation_II,Allen_AIFI_Olink
MYBPC1,Q00872,OID30296,Cardiometabolic_II,Allen_AIFI_Olink
MYBPC2,Q14324,OID30199,Cardiometabolic_II,Allen_AIFI_Olink
MYCBP2,O75592,OID30996,Neurology_II,Allen_AIFI_Olink
MYDGF,Q969H8,OID30313,Cardiometabolic_II,Allen_AIFI_Olink
MYH4,Q9Y623,OID30061,Cardiometabolic_II,Allen_AIFI_Olink
MYH7B,A7E2Y1,OID31178,Oncology_II,Allen_AIFI_Olink
MYH9,P35579,OID30382,Cardiometabolic_II,Allen_AIFI_Olink
MYL1,P05976,OID30120,Cardiometabolic_II,Allen_AIFI_Olink
MYL3,P08590,OID30251,Cardiometabolic_II,Allen_AIFI_Olink
MYL4,P12829,OID30245,Cardiometabolic_II,Allen_AIFI_Olink
MYL6B,P14649,OID30936,Neurology_II,Allen_AIFI_Olink
MYLPF,Q96A32,OID30917,Neurology_II,Allen_AIFI_Olink
MYO6,Q9UM54,OID30989,Neurology_II,Allen_AIFI_Olink
MYO9B,Q13459,OID20451,Inflammation,Allen_AIFI_Olink
MYOC,Q99972,OID21121,Neurology,Allen_AIFI_Olink
MYOM1,P52179,OID30834,Neurology_II,Allen_AIFI_Olink
MYOM2,P54296,OID30131,Cardiometabolic_II,Allen_AIFI_Olink
MYOM3,Q5VTT5,OID30633,Inflammation_II,Allen_AIFI_Olink
MZB1,Q8WU39,OID20732,Inflammation,Allen_AIFI_Olink
MZT1,Q08AG7,OID21186,Oncology,Allen_AIFI_Olink
NAA10,P41227,OID30188,Cardiometabolic_II,Allen_AIFI_Olink
NAA80,Q93015,OID30893,Neurology_II,Allen_AIFI_Olink
NAAA,Q02083,OID20931,Neurology,Allen_AIFI_Olink
NACC1,Q96RE7,OID31393,Oncology_II,Allen_AIFI_Olink
NADK,O95544,OID20178,Cardiometabolic,Allen_AIFI_Olink
NAGA,P17050,OID30509,Inflammation_II,Allen_AIFI_Olink
NAGK,Q9UJ70,OID30271,Cardiometabolic_II,Allen_AIFI_Olink
NAGPA,Q9UK23,OID30643,Inflammation_II,Allen_AIFI_Olink
NAMPT,P43490,OID21227,Oncology,Allen_AIFI_Olink
NAP1L4,Q99733,OID31475,Oncology_II,Allen_AIFI_Olink
NAPRT,Q6XQN6,OID31114,Neurology_II,Allen_AIFI_Olink
NARS1,O43776,OID31035,Neurology_II,Allen_AIFI_Olink
NBL1,P41271,OID21486,Oncology,Allen_AIFI_Olink
NBN,O60934,OID20442,Inflammation,Allen_AIFI_Olink
NCAM1,P13591,OID20354,Cardiometabolic,Allen_AIFI_Olink
NCAM2,O15394,OID21095,Neurology,Allen_AIFI_Olink
NCAN,O14594,OID21055,Neurology,Allen_AIFI_Olink
NCF2,P19878,OID20567,Inflammation,Allen_AIFI_Olink
NCK2,O43639,OID20683,Inflammation,Allen_AIFI_Olink
NCLN,Q969V3,OID20448,Inflammation,Allen_AIFI_Olink
NCR1,O76036,OID20566,Inflammation,Allen_AIFI_Olink
NCR3LG1,Q68D85,OID31490,Oncology_II,Allen_AIFI_Olink
NCS1,P62166,OID21458,Oncology,Allen_AIFI_Olink
NDRG1,Q92597,OID20792,Neurology,Allen_AIFI_Olink
NDST1,P52848,OID31369,Oncology_II,Allen_AIFI_Olink
NDUFA5,Q16718,OID30520,Inflammation_II,Allen_AIFI_Olink
NDUFB7,P17568,OID31521,Oncology_II,Allen_AIFI_Olink
NDUFS6,O75380,OID21224,Oncology,Allen_AIFI_Olink
NEB,P20929,OID30105,Cardiometabolic_II,Allen_AIFI_Olink
NECAP2,Q9NVZ3,OID30089,Cardiometabolic_II,Allen_AIFI_Olink
NECTIN1,Q15223,OID30545,Inflammation_II,Allen_AIFI_Olink
NECTIN2,Q92692,OID20222,Cardiometabolic,Allen_AIFI_Olink
NECTIN4,Q96NY8,OID21490,Oncology,Allen_AIFI_Olink
NEDD4L,Q96PU5,OID30521,Inflammation_II,Allen_AIFI_Olink
NEDD9,Q14511,OID30503,Inflammation_II,Allen_AIFI_Olink
NEFL,P07196,OID20871,Neurology,Allen_AIFI_Olink
NEK7,Q8TDX7,OID31250,Oncology_II,Allen_AIFI_Olink
NELL1,Q92832,OID21494,Oncology,Allen_AIFI_Olink
NELL2,Q99435,OID20706,Inflammation,Allen_AIFI_Olink
NENF,Q9UMX5,OID31354,Oncology_II,Allen_AIFI_Olink
NEO1,Q92859,OID31066,Neurology_II,Allen_AIFI_Olink
NEXN,Q0ZGT2,OID30678,Inflammation_II,Allen_AIFI_Olink
NFASC,O94856,OID20634,Inflammation,Allen_AIFI_Olink
NFAT5,O94916,OID30522,Inflammation_II,Allen_AIFI_Olink
NFATC1,O95644,OID20545,Inflammation,Allen_AIFI_Olink
NFATC3,Q12968,OID20470,Inflammation,Allen_AIFI_Olink
NFE2,Q16621,OID30268,Cardiometabolic_II,Allen_AIFI_Olink
NFIC,P08651,OID30988,Neurology_II,Allen_AIFI_Olink
NFKB1,P19838,OID30160,Cardiometabolic_II,Allen_AIFI_Olink
NFKB2,Q00653,OID31258,Oncology_II,Allen_AIFI_Olink
NFKBIE,O00221,OID21212,Oncology,Allen_AIFI_Olink
NFU1,Q9UMS0,OID31510,Oncology_II,Allen_AIFI_Olink
NFX1,Q12986,OID30158,Cardiometabolic_II,Allen_AIFI_Olink
NFYA,P23511,OID30134,Cardiometabolic_II,Allen_AIFI_Olink
NGF,P01138,OID20920,Neurology,Allen_AIFI_Olink
NGFR,P08138,OID30300,Cardiometabolic_II,Allen_AIFI_Olink
NGRN,Q9NPE2,OID31115,Neurology_II,Allen_AIFI_Olink
NHLRC3,Q5JS37,OID30614,Inflammation_II,Allen_AIFI_Olink
NID1,P14543,OID20362,Cardiometabolic,Allen_AIFI_Olink
NID2,Q14112,OID21085,Neurology,Allen_AIFI_Olink
NINJ1,Q92982,OID21167,Oncology,Allen_AIFI_Olink
NIT1,Q86X76,OID30252,Cardiometabolic_II,Allen_AIFI_Olink
NIT2,Q9NQR4,OID30336,Cardiometabolic_II,Allen_AIFI_Olink
NLGN1,Q8N2Q7,OID30900,Neurology_II,Allen_AIFI_Olink
NLGN2,Q8NFZ4,OID30878,Neurology_II,Allen_AIFI_Olink
NME1,P15531,OID30451,Inflammation_II,Allen_AIFI_Olink
NME3,Q13232,OID20789,Inflammation,Allen_AIFI_Olink
NMI,Q13287,OID31378,Oncology_II,Allen_AIFI_Olink
NMNAT1,Q9HAN9,OID20913,Neurology,Allen_AIFI_Olink
NMRK2,Q9NPI5,OID31163,Oncology_II,Allen_AIFI_Olink
NMT1,P30419,OID31021,Neurology_II,Allen_AIFI_Olink
NOMO1,Q15155,OID21106,Neurology,Allen_AIFI_Olink
NOP56,O00567,OID30055,Cardiometabolic_II,Allen_AIFI_Olink
NOS1,P29475,OID20863,Neurology,Allen_AIFI_Olink
NOS2,P35228,OID30087,Cardiometabolic_II,Allen_AIFI_Olink
NOS3,P29474,OID20834,Neurology,Allen_AIFI_Olink
NOTCH1,P46531,OID20311,Cardiometabolic,Allen_AIFI_Olink
NOTCH2,Q04721,OID30407,Cardiometabolic_II,Allen_AIFI_Olink
NOTCH3,Q9UM47,OID20253,Cardiometabolic,Allen_AIFI_Olink
NPC2,P61916,OID30418,Cardiometabolic_II,Allen_AIFI_Olink
NPDC1,Q9NQX5,OID20205,Cardiometabolic,Allen_AIFI_Olink
NPHS1,O60500,OID30540,Inflammation_II,Allen_AIFI_Olink
NPHS2,Q9NP85,OID30462,Inflammation_II,Allen_AIFI_Olink
NPL,Q9BXD5,OID30329,Cardiometabolic_II,Allen_AIFI_Olink
NPM1,P06748,OID20961,Neurology,Allen_AIFI_Olink
NPPB,P16860,OID20049,Cardiometabolic,Allen_AIFI_Olink
NPPC,P23582,OID20568,Inflammation,Allen_AIFI_Olink
NPR1,P16066,OID30116,Cardiometabolic_II,Allen_AIFI_Olink
NPTN,Q9Y639,OID21235,Oncology,Allen_AIFI_Olink
NPTX1,Q15818,OID21074,Neurology,Allen_AIFI_Olink
NPTX2,P47972,OID30390,Cardiometabolic_II,Allen_AIFI_Olink
NPTXR,O95502,OID20191,Cardiometabolic,Allen_AIFI_Olink
NPY,P01303,OID21388,Oncology,Allen_AIFI_Olink
NRCAM,Q92823,OID20229,Cardiometabolic,Allen_AIFI_Olink
NRGN,Q92686,OID30674,Inflammation_II,Allen_AIFI_Olink
NRN1,Q9NPD7,OID30983,Neurology_II,Allen_AIFI_Olink
NRP1,O14786,OID20390,Cardiometabolic,Allen_AIFI_Olink
NRP2,O60462,OID21081,Neurology,Allen_AIFI_Olink
NRTN,Q99748,OID20465,Inflammation,Allen_AIFI_Olink
NRXN3,Q9Y4C0,OID30901,Neurology_II,Allen_AIFI_Olink
NSFL1C,Q9UNZ2,OID21022,Neurology,Allen_AIFI_Olink
NT-proBNP,NTproBNP,OID20125,Cardiometabolic,Allen_AIFI_Olink
NT5C,Q8TCD5,OID30294,Cardiometabolic_II,Allen_AIFI_Olink
NT5C1A,Q9BXI3,OID31102,Neurology_II,Allen_AIFI_Olink
NT5C3A,Q9H0P0,OID20553,Inflammation,Allen_AIFI_Olink
NT5E,P21589,OID21498,Oncology,Allen_AIFI_Olink
NTF3,P20783,OID20591,Inflammation,Allen_AIFI_Olink
NTF4,P34130,OID21208,Oncology,Allen_AIFI_Olink
NTproBNP,NTproBNP,OID20125,Cardiometabolic,Allen_AIFI_Olink
NTRK2,Q16620,OID20136,Cardiometabolic,Allen_AIFI_Olink
NTRK3,Q16288,OID21057,Neurology,Allen_AIFI_Olink
NUB1,Q9Y5A7,OID20510,Inflammation,Allen_AIFI_Olink
NUBP1,P53384,OID31412,Oncology_II,Allen_AIFI_Olink
NUCB2,P80303,OID21448,Oncology,Allen_AIFI_Olink
NUDC,Q9Y266,OID20623,Inflammation,Allen_AIFI_Olink
NUDT10,Q8NFP7,OID30198,Cardiometabolic_II,Allen_AIFI_Olink
NUDT15,Q9NV35,OID30102,Cardiometabolic_II,Allen_AIFI_Olink
NUDT16,Q96DE0,OID31484,Oncology_II,Allen_AIFI_Olink
NUDT2,P50583,OID21308,Oncology,Allen_AIFI_Olink
NUDT5,Q9UKK9,OID21115,Neurology,Allen_AIFI_Olink
NUMB,P49757,OID30568,Inflammation_II,Allen_AIFI_Olink
NUP50,Q9UKX7,OID30100,Cardiometabolic_II,Allen_AIFI_Olink
NXPE4,Q6UWF7,OID30076,Cardiometabolic_II,Allen_AIFI_Olink
NXPH1,P58417,OID20849,Neurology,Allen_AIFI_Olink
NXPH3,O95157,OID30565,Inflammation_II,Allen_AIFI_Olink
OBP2B,Q9NPH6,OID20980,Neurology,Allen_AIFI_Olink
OCLN,Q16625,OID31069,Neurology_II,Allen_AIFI_Olink
ODAM,A1E959,OID20793,Neurology,Allen_AIFI_Olink
OFD1,O75665,OID31268,Oncology_II,Allen_AIFI_Olink
OGA,O60502,OID31465,Oncology_II,Allen_AIFI_Olink
OGFR,Q9NZT2,OID21360,Oncology,Allen_AIFI_Olink
OGN,P20774,OID21123,Neurology,Allen_AIFI_Olink
OGT,O15294,OID31300,Oncology_II,Allen_AIFI_Olink
OLFM4,Q6UX06,OID30665,Inflammation_II,Allen_AIFI_Olink
OLR1,P78380,OID20183,Cardiometabolic,Allen_AIFI_Olink
OMD,Q99983,OID20725,Inflammation,Allen_AIFI_Olink
OMG,P23515,OID21352,Oncology,Allen_AIFI_Olink
OMP,P47874,OID30835,Neurology_II,Allen_AIFI_Olink
OPHN1,O60890,OID31087,Neurology_II,Allen_AIFI_Olink
OPLAH,O14841,OID30201,Cardiometabolic_II,Allen_AIFI_Olink
OPTC,Q9UBM4,OID21362,Oncology,Allen_AIFI_Olink
ORM1,P02763,OID30768,Inflammation_II,Allen_AIFI_Olink
OSBPL2,Q9H1P3,OID31085,Neurology_II,Allen_AIFI_Olink
OSCAR,Q8IYS5,OID20776,Inflammation,Allen_AIFI_Olink
OSM,P13725,OID20574,Inflammation,Allen_AIFI_Olink
OSMR,Q99650,OID20356,Cardiometabolic,Allen_AIFI_Olink
OSTN,P61366,OID30909,Neurology_II,Allen_AIFI_Olink
OTOA,Q7RTW8,OID30825,Neurology_II,Allen_AIFI_Olink
OTUD6B,Q8N6M0,OID31487,Oncology_II,Allen_AIFI_Olink
OTUD7B,Q6GQQ9,OID31064,Neurology_II,Allen_AIFI_Olink
OXCT1,P55809,OID30227,Cardiometabolic_II,Allen_AIFI_Olink
OXT,P01178,OID21047,Neurology,Allen_AIFI_Olink
P4HB,P07237,OID21509,Oncology,Allen_AIFI_Olink
PACS2,Q86VP3,OID30186,Cardiometabolic_II,Allen_AIFI_Olink
PADI2,Q9Y2J8,OID20467,Inflammation,Allen_AIFI_Olink
PADI4,Q9UM07,OID20832,Neurology,Allen_AIFI_Olink
PAEP,P09466,OID20925,Neurology,Allen_AIFI_Olink
PAFAH1B3,Q15102,OID30998,Neurology_II,Allen_AIFI_Olink
PAFAH2,Q99487,OID31286,Oncology_II,Allen_AIFI_Olink
PAG1,Q9NWQ8,OID20108,Cardiometabolic,Allen_AIFI_Olink
PAGR1,Q9BTK6,OID30206,Cardiometabolic_II,Allen_AIFI_Olink
PAIP2B,Q9ULR5,OID31228,Oncology_II,Allen_AIFI_Olink
PAK4,O96013,OID20819,Neurology,Allen_AIFI_Olink
PALLD,Q8WX93,OID30444,Inflammation_II,Allen_AIFI_Olink
PALM,O75781,OID31515,Oncology_II,Allen_AIFI_Olink
PALM2,Q8IXS6,OID31096,Neurology_II,Allen_AIFI_Olink
PALM3,A6NDB9,OID30182,Cardiometabolic_II,Allen_AIFI_Olink
PAM,P19021,OID20291,Cardiometabolic,Allen_AIFI_Olink
PAMR1,Q6UXH9,OID21153,Neurology,Allen_AIFI_Olink
PAPPA,Q13219,OID20421,Inflammation,Allen_AIFI_Olink
PARD3,Q8TEW0,OID31301,Oncology_II,Allen_AIFI_Olink
PARK7,Q99497,OID21160,Neurology,Allen_AIFI_Olink
PARP1,P09874,OID20500,Inflammation,Allen_AIFI_Olink
PAXX,Q9BUH6,OID30591,Inflammation_II,Allen_AIFI_Olink
PBK,Q96KB5,OID31158,Oncology_II,Allen_AIFI_Olink
PBLD,P30039,OID20839,Neurology,Allen_AIFI_Olink
PBXIP1,Q96AQ6,OID31435,Oncology_II,Allen_AIFI_Olink
PCARE,A6NGG8,OID30838,Neurology_II,Allen_AIFI_Olink
PCBD1,P61457,OID30610,Inflammation_II,Allen_AIFI_Olink
PCBP2,Q15366,OID31003,Neurology_II,Allen_AIFI_Olink
PCDH1,Q08174,OID20614,Inflammation,Allen_AIFI_Olink
PCDH12,Q9NPG4,OID31045,Neurology_II,Allen_AIFI_Olink
PCDH17,O14917,OID20132,Cardiometabolic,Allen_AIFI_Olink
PCDH7,O60245,OID31456,Oncology_II,Allen_AIFI_Olink
PCDH9,Q9HC56,OID31516,Oncology_II,Allen_AIFI_Olink
PCDHB15,Q9Y5E8,OID31377,Oncology_II,Allen_AIFI_Olink
PCNA,P12004,OID31161,Oncology_II,Allen_AIFI_Olink
PCOLCE,Q15113,OID20384,Cardiometabolic,Allen_AIFI_Olink
PCSK7,Q16549,OID31410,Oncology_II,Allen_AIFI_Olink
PCSK9,Q8NBP7,OID20235,Cardiometabolic,Allen_AIFI_Olink
PCYT2,Q99447,OID31519,Oncology_II,Allen_AIFI_Olink
PDAP1,Q13442,OID30323,Cardiometabolic_II,Allen_AIFI_Olink
PDCD1,Q15116,OID21396,Oncology,Allen_AIFI_Olink
PDCD1LG2,Q9BQ51,OID21273,Oncology,Allen_AIFI_Olink
PDCD5,O14737,OID21021,Neurology,Allen_AIFI_Olink
PDCD6,O75340,OID20163,Cardiometabolic,Allen_AIFI_Olink
PDCL2,Q8N4E4,OID31168,Oncology_II,Allen_AIFI_Olink
PDE1C,Q14123,OID31201,Oncology_II,Allen_AIFI_Olink
PDE4D,Q08499,OID30084,Cardiometabolic_II,Allen_AIFI_Olink
PDE5A,O76074,OID30584,Inflammation_II,Allen_AIFI_Olink
PDGFA,P04085,OID20313,Cardiometabolic,Allen_AIFI_Olink
PDGFB,P01127,OID20741,Inflammation,Allen_AIFI_Olink
PDGFC,Q9NRA1,OID21183,Oncology,Allen_AIFI_Olink
PDGFRA,P16234,OID20133,Cardiometabolic,Allen_AIFI_Olink
PDGFRB,P09619,OID20268,Cardiometabolic,Allen_AIFI_Olink
PDIA2,Q13087,OID31214,Oncology_II,Allen_AIFI_Olink
PDIA3,P30101,OID30573,Inflammation_II,Allen_AIFI_Olink
PDIA4,P13667,OID30375,Cardiometabolic_II,Allen_AIFI_Olink
PDIA5,Q14554,OID31209,Oncology_II,Allen_AIFI_Olink
PDLIM5,Q96HC4,OID31063,Neurology_II,Allen_AIFI_Olink
PDLIM7,Q9NR12,OID20729,Inflammation,Allen_AIFI_Olink
PDP1,Q9P0J1,OID21176,Oncology,Allen_AIFI_Olink
PDRG1,Q9NUG6,OID30912,Neurology_II,Allen_AIFI_Olink
PDXDC1,Q6P996,OID31226,Oncology_II,Allen_AIFI_Olink
PDZD2,O15018,OID30151,Cardiometabolic_II,Allen_AIFI_Olink
PDZK1,Q5T2W1,OID30550,Inflammation_II,Allen_AIFI_Olink
PEAR1,Q5VY43,OID20257,Cardiometabolic,Allen_AIFI_Olink
PEBP1,P30086,OID21087,Neurology,Allen_AIFI_Olink
PECAM1,P16284,OID21131,Neurology,Allen_AIFI_Olink
PECR,Q9BY49,OID30228,Cardiometabolic_II,Allen_AIFI_Olink
PENK,P01210,OID30666,Inflammation_II,Allen_AIFI_Olink
PEPD,P12955,OID30688,Inflammation_II,Allen_AIFI_Olink
PER3,P56645,OID30511,Inflammation_II,Allen_AIFI_Olink
PF4,P02776,OID30764,Inflammation_II,Allen_AIFI_Olink
PFDN2,Q9UHV9,OID20892,Neurology,Allen_AIFI_Olink
PFDN4,Q9NQP4,OID31212,Oncology_II,Allen_AIFI_Olink
PFDN6,O15212,OID30938,Neurology_II,Allen_AIFI_Olink
PFKFB2,O60825,OID21356,Oncology,Allen_AIFI_Olink
PGA4,P0DJD7,OID30699,Inflammation_II,Allen_AIFI_Olink
PGD,P52209,OID30344,Cardiometabolic_II,Allen_AIFI_Olink
PGF,P49763,OID20673,Inflammation,Allen_AIFI_Olink
PGLYRP1,O75594,OID20338,Cardiometabolic,Allen_AIFI_Olink
PGLYRP2,Q96PD5,OID30742,Inflammation_II,Allen_AIFI_Olink
PGLYRP4,Q96LB8,OID30101,Cardiometabolic_II,Allen_AIFI_Olink
PGM2,Q96G03,OID30904,Neurology_II,Allen_AIFI_Olink
PGR,P06401,OID30460,Inflammation_II,Allen_AIFI_Olink
PHACTR2,O75167,OID31009,Neurology_II,Allen_AIFI_Olink
PHLDB1,Q86UU1,OID31467,Oncology_II,Allen_AIFI_Olink
PHLDB2,Q86SQ0,OID31167,Oncology_II,Allen_AIFI_Olink
PHOSPHO1,Q8TCT1,OID20922,Neurology,Allen_AIFI_Olink
PHYKPL,Q8IUZ5,OID30634,Inflammation_II,Allen_AIFI_Olink
PI16,Q6UXB8,OID30676,Inflammation_II,Allen_AIFI_Olink
PI3,P19957,OID20326,Cardiometabolic,Allen_AIFI_Olink
PIBF1,Q8WXW3-4,OID31061,Neurology_II,Allen_AIFI_Olink
PIGR,P01833,OID21102,Neurology,Allen_AIFI_Olink
PIK3AP1,Q6ZUJ8,OID20587,Inflammation,Allen_AIFI_Olink
PIK3IP1,Q96FE7,OID21094,Neurology,Allen_AIFI_Olink
PIKFYVE,Q9Y2I7,OID30465,Inflammation_II,Allen_AIFI_Olink
PILRA,Q9UKJ1,OID21129,Neurology,Allen_AIFI_Olink
PILRB,Q9UKJ0,OID20197,Cardiometabolic,Allen_AIFI_Olink
PINLYP,A6NC86,OID30651,Inflammation_II,Allen_AIFI_Olink
PITHD1,Q9GZP4,OID31215,Oncology_II,Allen_AIFI_Olink
PKD1,P98161,OID30328,Cardiometabolic_II,Allen_AIFI_Olink
PKD2,Q13563,OID30184,Cardiometabolic_II,Allen_AIFI_Olink
PKLR,P30613,OID20682,Inflammation,Allen_AIFI_Olink
PKN3,Q6P5Z2,OID31311,Oncology_II,Allen_AIFI_Olink
PLA2G10,O15496,OID21002,Neurology,Allen_AIFI_Olink
PLA2G15,Q8NCC3,OID21473,Oncology,Allen_AIFI_Olink
PLA2G1B,P04054,OID20252,Cardiometabolic,Allen_AIFI_Olink
PLA2G2A,P14555,OID20274,Cardiometabolic,Allen_AIFI_Olink
PLA2G4A,P47712,OID20685,Inflammation,Allen_AIFI_Olink
PLA2G7,Q13093,OID21105,Neurology,Allen_AIFI_Olink
PLAT,P00750,OID20247,Cardiometabolic,Allen_AIFI_Olink
PLAU,P00749,OID21124,Neurology,Allen_AIFI_Olink
PLAUR,Q03405,OID20764,Inflammation,Allen_AIFI_Olink
PLB1,Q6P1J6,OID31110,Neurology_II,Allen_AIFI_Olink
PLCB1,Q9NQ66,OID30484,Inflammation_II,Allen_AIFI_Olink
PLCB2,Q00722,OID31155,Neurology_II,Allen_AIFI_Olink
PLEKHO1,Q53GL0,OID31088,Neurology_II,Allen_AIFI_Olink
PLG,P00747,OID30785,Inflammation_II,Allen_AIFI_Olink
PLIN1,O60240,OID20835,Neurology,Allen_AIFI_Olink
PLIN3,O60664,OID20143,Cardiometabolic,Allen_AIFI_Olink
PLPBP,O94903,OID20144,Cardiometabolic,Allen_AIFI_Olink
PLSCR3,Q9NRY6,OID31146,Neurology_II,Allen_AIFI_Olink
PLTP,P55058,OID20238,Cardiometabolic,Allen_AIFI_Olink
PLXDC1,Q8IUK5,OID21258,Oncology,Allen_AIFI_Olink
PLXDC2,Q6UX71,OID31101,Neurology_II,Allen_AIFI_Olink
PLXNA4,Q9HCM2,OID20597,Inflammation,Allen_AIFI_Olink
PLXNB2,O15031,OID20317,Cardiometabolic,Allen_AIFI_Olink
PLXNB3,Q9ULL4,OID20160,Cardiometabolic,Allen_AIFI_Olink
PM20D1,Q6GTS8,OID20149,Cardiometabolic,Allen_AIFI_Olink
PMCH,P20382,OID30172,Cardiometabolic_II,Allen_AIFI_Olink
PMM2,O15305,OID30125,Cardiometabolic_II,Allen_AIFI_Olink
PMS1,P54277,OID30943,Neurology_II,Allen_AIFI_Olink
PMVK,Q15126,OID20850,Neurology,Allen_AIFI_Olink
PNLIP,P16233,OID30693,Inflammation_II,Allen_AIFI_Olink
PNLIPRP1,P54315,OID31122,Neurology_II,Allen_AIFI_Olink
PNLIPRP2,P54317,OID20775,Inflammation,Allen_AIFI_Olink
PNMA1,Q8ND90,OID30194,Cardiometabolic_II,Allen_AIFI_Olink
PNMA2,Q9UL42,OID30842,Neurology_II,Allen_AIFI_Olink
PNPT1,Q8TCS8,OID20445,Inflammation,Allen_AIFI_Olink
PODXL,O00592,OID21358,Oncology,Allen_AIFI_Olink
PODXL2,Q9NZ53,OID21487,Oncology,Allen_AIFI_Olink
POF1B,Q8WVV4,OID30504,Inflammation_II,Allen_AIFI_Olink
POLR2A,P24928,OID30440,Inflammation_II,Allen_AIFI_Olink
POLR2F,P61218,OID21283,Oncology,Allen_AIFI_Olink
POMC,P01189,OID30282,Cardiometabolic_II,Allen_AIFI_Olink
PON1,P27169,OID30704,Inflammation_II,Allen_AIFI_Olink
PON2,Q15165,OID20088,Cardiometabolic,Allen_AIFI_Olink
PON3,Q15166,OID20777,Inflammation,Allen_AIFI_Olink
POSTN,Q15063,OID30410,Cardiometabolic_II,Allen_AIFI_Olink
PPBP,P02775,OID30761,Inflammation_II,Allen_AIFI_Olink
PPCDC,Q96CD2,OID21027,Neurology,Allen_AIFI_Olink
PPIB,P23284,OID20331,Cardiometabolic,Allen_AIFI_Olink
PPIE,Q9UNP9,OID31279,Oncology_II,Allen_AIFI_Olink
PPIF,P30405,OID30385,Cardiometabolic_II,Allen_AIFI_Olink
PPL,O60437,OID30564,Inflammation_II,Allen_AIFI_Olink
PPM1A,P35813,OID21184,Oncology,Allen_AIFI_Olink
PPM1B,O75688,OID30548,Inflammation_II,Allen_AIFI_Olink
PPM1F,P49593,OID30350,Cardiometabolic_II,Allen_AIFI_Olink
PPME1,Q9Y570,OID21347,Oncology,Allen_AIFI_Olink
PPP1CC,P36873,OID31360,Oncology_II,Allen_AIFI_Olink
PPP1R12A,O14974,OID21475,Oncology,Allen_AIFI_Olink
PPP1R12B,O60237,OID31304,Oncology_II,Allen_AIFI_Olink
PPP1R14A,Q96A00,OID31011,Neurology_II,Allen_AIFI_Olink
PPP1R14D,Q9NXH3,OID30997,Neurology_II,Allen_AIFI_Olink
PPP1R2,P41236,OID20176,Cardiometabolic,Allen_AIFI_Olink
PPP1R9B,Q96SB3,OID20643,Inflammation,Allen_AIFI_Olink
PPP2R5A,Q15172,OID31502,Oncology_II,Allen_AIFI_Olink
PPP3R1,P63098,OID20902,Neurology,Allen_AIFI_Olink
PPT1,P50897,OID30947,Neurology_II,Allen_AIFI_Olink
PPY,P01298,OID21516,Oncology,Allen_AIFI_Olink
PQBP1,O60828,OID21172,Oncology,Allen_AIFI_Olink
PRAME,P78395,OID31165,Oncology_II,Allen_AIFI_Olink
PRAP1,Q96NZ9,OID30391,Cardiometabolic_II,Allen_AIFI_Olink
PRC1,O43663,OID31345,Oncology_II,Allen_AIFI_Olink
PRCP,P42785,OID20337,Cardiometabolic,Allen_AIFI_Olink
PRDX1,Q06830,OID20962,Neurology,Allen_AIFI_Olink
PRDX2,P32119,OID30668,Inflammation_II,Allen_AIFI_Olink
PRDX3,P30048,OID20483,Inflammation,Allen_AIFI_Olink
PRDX5,P30044,OID20644,Inflammation,Allen_AIFI_Olink
PRDX6,P30041,OID21404,Oncology,Allen_AIFI_Olink
PREB,Q9HCU5,OID20439,Inflammation,Allen_AIFI_Olink
PRELP,P51888,OID20766,Inflammation,Allen_AIFI_Olink
PRG2,P13727,OID30381,Cardiometabolic_II,Allen_AIFI_Olink
PRG3,Q9Y2Y8,OID30383,Cardiometabolic_II,Allen_AIFI_Olink
PRKAB1,Q9Y478,OID20444,Inflammation,Allen_AIFI_Olink
PRKAG3,Q9UGI9,OID30941,Neurology_II,Allen_AIFI_Olink
PRKAR1A,P10644,OID20146,Cardiometabolic,Allen_AIFI_Olink
PRKAR2A,P13861,OID31119,Neurology_II,Allen_AIFI_Olink
PRKCQ,Q04759,OID20468,Inflammation,Allen_AIFI_Olink
PRKD2,Q9BZL6,OID30140,Cardiometabolic_II,Allen_AIFI_Olink
PRKG1,Q13976,OID30621,Inflammation_II,Allen_AIFI_Olink
PRKRA,O75569,OID21225,Oncology,Allen_AIFI_Olink
PRL,P01236,OID21033,Neurology,Allen_AIFI_Olink
PRND,Q9UKY0,OID31124,Neurology_II,Allen_AIFI_Olink
PROC,P04070,OID20402,Cardiometabolic,Allen_AIFI_Olink
PROCR,Q9UNN8,OID30149,Cardiometabolic_II,Allen_AIFI_Olink
PROK1,P58294,OID20543,Inflammation,Allen_AIFI_Olink
PROS1,P07225,OID30737,Inflammation_II,Allen_AIFI_Olink
PRR4,Q16378,OID30607,Inflammation_II,Allen_AIFI_Olink
PRR5,P85299,OID30457,Inflammation_II,Allen_AIFI_Olink
PRRT3,Q5FWE3,OID30276,Cardiometabolic_II,Allen_AIFI_Olink
PRSS2,P07478,OID20364,Cardiometabolic,Allen_AIFI_Olink
PRSS22,Q9GZN4,OID30483,Inflammation_II,Allen_AIFI_Olink
PRSS27,Q9BQR3,OID20212,Cardiometabolic,Allen_AIFI_Olink
PRSS53,Q2L4Q9,OID31093,Neurology_II,Allen_AIFI_Olink
PRSS8,Q16651,OID20763,Inflammation,Allen_AIFI_Olink
PRTFDC1,Q9NRG1,OID20867,Neurology,Allen_AIFI_Olink
PRTG,Q2VWP7,OID21443,Oncology,Allen_AIFI_Olink
PRTN3,P24158,OID20329,Cardiometabolic,Allen_AIFI_Olink
PRUNE2,Q8WUY3,OID31270,Oncology_II,Allen_AIFI_Olink
PSAP,P07602,OID30419,Cardiometabolic_II,Allen_AIFI_Olink
PSAPL1,Q6NUJ1,OID31473,Oncology_II,Allen_AIFI_Olink
PSCA,O43653,OID31493,Oncology_II,Allen_AIFI_Olink
PSG1,P11464,OID20916,Neurology,Allen_AIFI_Olink
PSIP1,O75475,OID20534,Inflammation,Allen_AIFI_Olink
PSMA1,P25786,OID21221,Oncology,Allen_AIFI_Olink
PSMC3,P17980,OID31200,Oncology_II,Allen_AIFI_Olink
PSMD1,Q99460,OID31058,Neurology_II,Allen_AIFI_Olink
PSMD5,Q16401,OID30918,Neurology_II,Allen_AIFI_Olink
PSMD9,O00233,OID21304,Oncology,Allen_AIFI_Olink
PSME1,Q06323,OID20969,Neurology,Allen_AIFI_Olink
PSME2,Q9UL46,OID20989,Neurology,Allen_AIFI_Olink
PSMG3,Q9BT73,OID20549,Inflammation,Allen_AIFI_Olink
PSMG4,Q5JS54,OID30514,Inflammation_II,Allen_AIFI_Olink
PSPN,O60542,OID20511,Inflammation,Allen_AIFI_Olink
PSRC1,Q6PGN9,OID21169,Oncology,Allen_AIFI_Olink
PSTPIP2,Q9H939,OID30596,Inflammation_II,Allen_AIFI_Olink
PTEN,P60484,OID20794,Neurology,Allen_AIFI_Olink
PTGDS,P41222,OID20408,Cardiometabolic,Allen_AIFI_Olink
PTGES2,Q9H7Z7,OID30561,Inflammation_II,Allen_AIFI_Olink
PTGR1,Q14914,OID30297,Cardiometabolic_II,Allen_AIFI_Olink
PTH,P01270,OID30963,Neurology_II,Allen_AIFI_Olink
PTH1R,Q03431,OID20571,Inflammation,Allen_AIFI_Olink
PTK7,Q13308,OID20880,Neurology,Allen_AIFI_Olink
PTN,P21246,OID20083,Cardiometabolic,Allen_AIFI_Olink
PTP4A3,O75365,OID30469,Inflammation_II,Allen_AIFI_Olink
PTPN1,P18031,OID20908,Neurology,Allen_AIFI_Olink
PTPN6,P29350,OID20717,Inflammation,Allen_AIFI_Olink
PTPN9,P43378,OID30437,Inflammation_II,Allen_AIFI_Olink
PTPRB,P23467,OID30324,Cardiometabolic_II,Allen_AIFI_Olink
PTPRC,P08575,OID30380,Cardiometabolic_II,Allen_AIFI_Olink
PTPRF,P10586,OID20310,Cardiometabolic,Allen_AIFI_Olink
PTPRH,Q9HD43,OID31433,Oncology_II,Allen_AIFI_Olink
PTPRK,Q15262,OID31461,Oncology_II,Allen_AIFI_Olink
PTPRM,P28827,OID20598,Inflammation,Allen_AIFI_Olink
PTPRN2,Q92932,OID20912,Neurology,Allen_AIFI_Olink
PTPRR,Q15256,OID31099,Neurology_II,Allen_AIFI_Olink
PTPRS,Q13332,OID20306,Cardiometabolic,Allen_AIFI_Olink
PTPRZ1,P23471,OID30343,Cardiometabolic_II,Allen_AIFI_Olink
PTRHD1,Q6GMV3,OID30659,Inflammation_II,Allen_AIFI_Olink
PTS,Q03393,OID20847,Neurology,Allen_AIFI_Olink
PTTG1,O95997,OID31326,Oncology_II,Allen_AIFI_Olink
PTX3,P26022,OID20570,Inflammation,Allen_AIFI_Olink
PVALB,P20472,OID21420,Oncology,Allen_AIFI_Olink
PVR,P15151,OID21011,Neurology,Allen_AIFI_Olink
PXDNL,A1KZ92,OID31405,Oncology_II,Allen_AIFI_Olink
PXN,P49023,OID20822,Neurology,Allen_AIFI_Olink
PYDC1,Q8WXC3,OID30202,Cardiometabolic_II,Allen_AIFI_Olink
PYY,P10082,OID30150,Cardiometabolic_II,Allen_AIFI_Olink
PZP,P20742,OID30730,Inflammation_II,Allen_AIFI_Olink
QDPR,P09417,OID20174,Cardiometabolic,Allen_AIFI_Olink
QPCT,Q16769,OID20320,Cardiometabolic,Allen_AIFI_Olink
QSOX1,O00391,OID30729,Inflammation_II,Allen_AIFI_Olink
RAB10,P61026,OID30357,Cardiometabolic_II,Allen_AIFI_Olink
RAB11FIP3,O75154,OID30325,Cardiometabolic_II,Allen_AIFI_Olink
RAB27B,O00194,OID30354,Cardiometabolic_II,Allen_AIFI_Olink
RAB2B,Q8WUD1,OID31362,Oncology_II,Allen_AIFI_Olink
RAB33A,Q14088,OID30122,Cardiometabolic_II,Allen_AIFI_Olink
RAB37,Q96AX2,OID20425,Inflammation,Allen_AIFI_Olink
RAB39B,Q96DA2,OID30069,Cardiometabolic_II,Allen_AIFI_Olink
RAB3GAP1,Q15042,OID30829,Neurology_II,Allen_AIFI_Olink
RAB44,Q7Z6P3,OID31346,Oncology_II,Allen_AIFI_Olink
RAB6A,P20340,OID20608,Inflammation,Allen_AIFI_Olink
RAB6B,Q9NRW1,OID20817,Neurology,Allen_AIFI_Olink
RABEP1,Q15276,OID30647,Inflammation_II,Allen_AIFI_Olink
RABEPK,Q7Z6M1,OID21163,Oncology,Allen_AIFI_Olink
RABGAP1L,Q5R372,OID20447,Inflammation,Allen_AIFI_Olink
RAC3,P60763,OID30958,Neurology_II,Allen_AIFI_Olink
RAD23B,P54727,OID21166,Oncology,Allen_AIFI_Olink
RAD51,Q06609,OID31254,Oncology_II,Allen_AIFI_Olink
RALB,P11234,OID30567,Inflammation_II,Allen_AIFI_Olink
RALY,Q9UKM9,OID31382,Oncology_II,Allen_AIFI_Olink
RANBP1,P43487,OID30258,Cardiometabolic_II,Allen_AIFI_Olink
RANBP2,P49792,OID30812,Neurology_II,Allen_AIFI_Olink
RANGAP1,P46060,OID21203,Oncology,Allen_AIFI_Olink
RAP1A,P62834,OID30452,Inflammation_II,Allen_AIFI_Olink
RAPGEF2,Q9Y4G8,OID31337,Oncology_II,Allen_AIFI_Olink
RARRES1,P49788,OID21177,Oncology,Allen_AIFI_Olink
RARRES2,Q99969,OID20373,Cardiometabolic,Allen_AIFI_Olink
RASA1,P20936,OID20826,Neurology,Allen_AIFI_Olink
RASGRF1,Q13972,OID31213,Oncology_II,Allen_AIFI_Olink
RASSF2,P50749,OID21194,Oncology,Allen_AIFI_Olink
RBFOX3,A6NFN3,OID30984,Neurology_II,Allen_AIFI_Olink
RBKS,Q9H477,OID20986,Neurology,Allen_AIFI_Olink
RBM17,Q96I25,OID31034,Neurology_II,Allen_AIFI_Olink
RBM19,Q9Y4C8,OID30090,Cardiometabolic_II,Allen_AIFI_Olink
RBM25,P49756,OID31236,Oncology_II,Allen_AIFI_Olink
RBP1,P09455,OID30913,Neurology_II,Allen_AIFI_Olink
RBP2,P50120,OID21365,Oncology,Allen_AIFI_Olink
RBP5,P82980,OID21369,Oncology,Allen_AIFI_Olink
RBP7,Q96R05,OID31526,Oncology_II,Allen_AIFI_Olink
RBPMS,Q93062,OID30507,Inflammation_II,Allen_AIFI_Olink
RBPMS2,Q6ZRY4,OID30257,Cardiometabolic_II,Allen_AIFI_Olink
RCC1,P18754,OID31356,Oncology_II,Allen_AIFI_Olink
RCOR1,Q9UKL0,OID20073,Cardiometabolic,Allen_AIFI_Olink
RECK,O95980,OID30234,Cardiometabolic_II,Allen_AIFI_Olink
REEP4,Q9H6H4,OID31028,Neurology_II,Allen_AIFI_Olink
REG1A,P05451,OID20415,Cardiometabolic,Allen_AIFI_Olink
REG1B,P48304,OID20266,Cardiometabolic,Allen_AIFI_Olink
REG3A,Q06141,OID20258,Cardiometabolic,Allen_AIFI_Olink
REG3G,Q6UW15,OID31408,Oncology_II,Allen_AIFI_Olink
REG4,Q9BYZ8,OID20784,Inflammation,Allen_AIFI_Olink
RELB,Q01201,OID30463,Inflammation_II,Allen_AIFI_Olink
RELT,Q969Z4,OID21142,Neurology,Allen_AIFI_Olink
REN,P00797,OID20201,Cardiometabolic,Allen_AIFI_Olink
REPS1,Q96D71,OID30496,Inflammation_II,Allen_AIFI_Olink
REST,Q13127,OID31248,Oncology_II,Allen_AIFI_Olink
RET,P07949,OID21346,Oncology,Allen_AIFI_Olink
RETN,Q9HD89,OID20327,Cardiometabolic,Allen_AIFI_Olink
REXO2,Q9Y3B8,OID30075,Cardiometabolic_II,Allen_AIFI_Olink
RFC4,P35249,OID31376,Oncology_II,Allen_AIFI_Olink
RGCC,Q9H4X1,OID31060,Neurology_II,Allen_AIFI_Olink
RGL2,O15211,OID31297,Oncology_II,Allen_AIFI_Olink
RGMA,Q96B86,OID21065,Neurology,Allen_AIFI_Olink
RGMB,Q6NW40,OID21045,Neurology,Allen_AIFI_Olink
RGS10,O43665,OID30999,Neurology_II,Allen_AIFI_Olink
RGS8,P57771,OID20454,Inflammation,Allen_AIFI_Olink
RHOC,P08134,OID20950,Neurology,Allen_AIFI_Olink
RICTOR,Q6R327,OID30433,Inflammation_II,Allen_AIFI_Olink
RIDA,P52758,OID30635,Inflammation_II,Allen_AIFI_Olink
RILP,Q96NA2,OID21436,Oncology,Allen_AIFI_Olink
RILPL2,Q969X0,OID30342,Cardiometabolic_II,Allen_AIFI_Olink
RIPK4,P57078,OID30138,Cardiometabolic_II,Allen_AIFI_Olink
RLN1,P04808,OID30995,Neurology_II,Allen_AIFI_Olink
RLN2,P04090,OID30601,Inflammation_II,Allen_AIFI_Olink
RNASE1,P07998,OID30672,Inflammation_II,Allen_AIFI_Olink
RNASE10,Q5GAN6,OID30238,Cardiometabolic_II,Allen_AIFI_Olink
RNASE3,P12724,OID20203,Cardiometabolic,Allen_AIFI_Olink
RNASE4,P34096,OID30705,Inflammation_II,Allen_AIFI_Olink
RNASE6,Q93091,OID30689,Inflammation_II,Allen_AIFI_Olink
RNASEH2A,O75792,OID31027,Neurology_II,Allen_AIFI_Olink
RNASET2,O00584,OID20321,Cardiometabolic,Allen_AIFI_Olink
RNF149,Q8NC42,OID30235,Cardiometabolic_II,Allen_AIFI_Olink
RNF168,Q8IYW5,OID30506,Inflammation_II,Allen_AIFI_Olink
RNF31,Q96EP0,OID30473,Inflammation_II,Allen_AIFI_Olink
RNF4,P78317,OID31321,Oncology_II,Allen_AIFI_Olink
RNF41,Q9H4P4,OID21179,Oncology,Allen_AIFI_Olink
RNF43,Q68DV7,OID31291,Oncology_II,Allen_AIFI_Olink
RNF5,Q99942,OID30218,Cardiometabolic_II,Allen_AIFI_Olink
ROBO1,Q9Y6N7,OID20734,Inflammation,Allen_AIFI_Olink
ROBO2,Q9HCK4,OID21007,Neurology,Allen_AIFI_Olink
ROBO4,Q8WZ75,OID30226,Cardiometabolic_II,Allen_AIFI_Olink
ROR1,Q01973,OID20224,Cardiometabolic,Allen_AIFI_Olink
RP2,O75695,OID21302,Oncology,Allen_AIFI_Olink
RPA2,P15927,OID30453,Inflammation_II,Allen_AIFI_Olink
RPE,Q96AT9,OID31324,Oncology_II,Allen_AIFI_Olink
RPGR,Q92834,OID30959,Neurology_II,Allen_AIFI_Olink
RPL14,P50914,OID30284,Cardiometabolic_II,Allen_AIFI_Olink
RPS10,P46783,OID30070,Cardiometabolic_II,Allen_AIFI_Olink
RRAS,P10301,OID30961,Neurology_II,Allen_AIFI_Olink
RRM2,P31350,OID21187,Oncology,Allen_AIFI_Olink
RRM2B,Q7LG56,OID21174,Oncology,Allen_AIFI_Olink
RRP15,Q9Y3B9,OID30867,Neurology_II,Allen_AIFI_Olink
RSPO1,Q2MKA7,OID20938,Neurology,Allen_AIFI_Olink
RSPO3,Q9BXY4,OID21415,Oncology,Allen_AIFI_Olink
RTBDN,Q9BSG5,OID21343,Oncology,Allen_AIFI_Olink
RTKN2,Q8IZC4,OID30049,Cardiometabolic_II,Allen_AIFI_Olink
RTN4IP1,Q8WWV3,OID31030,Neurology_II,Allen_AIFI_Olink
RTN4R,Q9BZR6,OID21424,Oncology,Allen_AIFI_Olink
RUVBL1,Q9Y265,OID21211,Oncology,Allen_AIFI_Olink
RWDD1,Q9H446,OID21015,Neurology,Allen_AIFI_Olink
RYR1,P21817,OID30085,Cardiometabolic_II,Allen_AIFI_Olink
S100A11,P31949,OID20130,Cardiometabolic,Allen_AIFI_Olink
S100A12,P80511,OID21374,Oncology,Allen_AIFI_Olink
S100A13,Q99584,OID30529,Inflammation_II,Allen_AIFI_Olink
S100A14,Q9HCY8,OID30987,Neurology_II,Allen_AIFI_Olink
S100A16,Q96FQ6,OID20878,Neurology,Allen_AIFI_Olink
S100A3,P33764,OID31352,Oncology_II,Allen_AIFI_Olink
S100A4,P26447,OID21519,Oncology,Allen_AIFI_Olink
S100G,P29377,OID31051,Neurology_II,Allen_AIFI_Olink
S100P,P25815,OID20103,Cardiometabolic,Allen_AIFI_Olink
SAA4,P35542,OID30726,Inflammation_II,Allen_AIFI_Olink
SAFB2,Q14151,OID31012,Neurology_II,Allen_AIFI_Olink
SAG,P10523,OID30874,Neurology_II,Allen_AIFI_Olink
SAMD9L,Q8IVG5,OID20536,Inflammation,Allen_AIFI_Olink
SAP18,O00422,OID31323,Oncology_II,Allen_AIFI_Olink
SARG,Q9BW04,OID30331,Cardiometabolic_II,Allen_AIFI_Olink
SART1,O43290,OID30113,Cardiometabolic_II,Allen_AIFI_Olink
SAT1,P21673,OID30111,Cardiometabolic_II,Allen_AIFI_Olink
SAT2,Q96F10,OID31306,Oncology_II,Allen_AIFI_Olink
SATB1,Q01826,OID31038,Neurology_II,Allen_AIFI_Olink
SBSN,Q6UWP8,OID30398,Cardiometabolic_II,Allen_AIFI_Olink
SCAMP3,O14828,OID21332,Oncology,Allen_AIFI_Olink
SCARA5,Q6ZMJ2,OID21058,Neurology,Allen_AIFI_Olink
SCARB1,Q8WTV0,OID20805,Neurology,Allen_AIFI_Olink
SCARB2,Q14108,OID20943,Neurology,Allen_AIFI_Olink
SCARF1,Q14162,OID20297,Cardiometabolic,Allen_AIFI_Olink
SCARF2,Q96GP6,OID21048,Neurology,Allen_AIFI_Olink
SCG2,P13521,OID21400,Oncology,Allen_AIFI_Olink
SCG3,Q8WXD2,OID20728,Inflammation,Allen_AIFI_Olink
SCGB1A1,P11684,OID20688,Inflammation,Allen_AIFI_Olink
SCGB2A2,Q13296,OID30104,Cardiometabolic_II,Allen_AIFI_Olink
SCGB3A1,Q96QR1,OID30577,Inflammation_II,Allen_AIFI_Olink
SCGB3A2,Q96PL1,OID20723,Inflammation,Allen_AIFI_Olink
SCGN,O76038,OID20457,Inflammation,Allen_AIFI_Olink
SCIN,Q9Y6U3,OID30857,Neurology_II,Allen_AIFI_Olink
SCLY,Q96I15,OID21425,Oncology,Allen_AIFI_Olink
SCN2A,Q99250,OID30833,Neurology_II,Allen_AIFI_Olink
SCN2B,O60939,OID30948,Neurology_II,Allen_AIFI_Olink
SCN3A,Q9NY46,OID30903,Neurology_II,Allen_AIFI_Olink
SCN3B,Q9NY72,OID30804,Neurology_II,Allen_AIFI_Olink
SCN4B,Q8IWT1,OID30277,Cardiometabolic_II,Allen_AIFI_Olink
SCP2,P22307,OID21161,Oncology,Allen_AIFI_Olink
SCPEP1,Q9HB40,OID30278,Cardiometabolic_II,Allen_AIFI_Olink
SCRG1,O75711,OID30333,Cardiometabolic_II,Allen_AIFI_Olink
SCRIB,Q14160,OID30225,Cardiometabolic_II,Allen_AIFI_Olink
SCRIB,Q14160,OID30558,Inflammation_II,Allen_AIFI_Olink
SCRIB,Q14160,OID31046,Neurology_II,Allen_AIFI_Olink
SCRIB,Q14160,OID31455,Oncology_II,Allen_AIFI_Olink
SCRN1,Q12765,OID20542,Inflammation,Allen_AIFI_Olink
SCT,P09683,OID30951,Neurology_II,Allen_AIFI_Olink
SDC1,P18827,OID20169,Cardiometabolic,Allen_AIFI_Olink
SDC4,P31431,OID20216,Cardiometabolic,Allen_AIFI_Olink
SDCCAG8,Q86SQ7,OID31423,Oncology_II,Allen_AIFI_Olink
SDHB,P21912,OID31436,Oncology_II,Allen_AIFI_Olink
SDK2,Q58EX2,OID30662,Inflammation_II,Allen_AIFI_Olink
SEC31A,O94979,OID30269,Cardiometabolic_II,Allen_AIFI_Olink
SEL1L,Q9UBV2,OID30196,Cardiometabolic_II,Allen_AIFI_Olink
SELE,P16581,OID20290,Cardiometabolic,Allen_AIFI_Olink
SELENOP,P49908,OID30745,Inflammation_II,Allen_AIFI_Olink
SELL,P14151,OID30752,Inflammation_II,Allen_AIFI_Olink
SELP,P16109,OID20379,Cardiometabolic,Allen_AIFI_Olink
SELPLG,Q14242,OID20560,Inflammation,Allen_AIFI_Olink
SEMA3F,Q13275,OID20186,Cardiometabolic,Allen_AIFI_Olink
SEMA3G,Q9NS98,OID30599,Inflammation_II,Allen_AIFI_Olink
SEMA4C,Q9C0C4,OID21329,Oncology,Allen_AIFI_Olink
SEMA4D,Q92854,OID21020,Neurology,Allen_AIFI_Olink
SEMA6C,Q9H3T2,OID30531,Inflammation_II,Allen_AIFI_Olink
SEMA7A,O75326,OID20283,Cardiometabolic,Allen_AIFI_Olink
SEPTIN3,Q9UH03,OID31025,Neurology_II,Allen_AIFI_Olink
SEPTIN7,Q16181,OID31288,Oncology_II,Allen_AIFI_Olink
SEPTIN8,Q92599,OID31079,Neurology_II,Allen_AIFI_Olink
SEPTIN9,Q9UHD8,OID21279,Oncology,Allen_AIFI_Olink
SERPINA1,P01009,OID30750,Inflammation_II,Allen_AIFI_Olink
SERPINA11,Q86U17,OID20281,Cardiometabolic,Allen_AIFI_Olink
SERPINA12,Q8IW75,OID20219,Cardiometabolic,Allen_AIFI_Olink
SERPINA3,P01011,OID30786,Inflammation_II,Allen_AIFI_Olink
SERPINA4,P29622,OID30774,Inflammation_II,Allen_AIFI_Olink
SERPINA5,P05154,OID30763,Inflammation_II,Allen_AIFI_Olink
SERPINA6,P08185,OID30743,Inflammation_II,Allen_AIFI_Olink
SERPINA7,P05543,OID30724,Inflammation_II,Allen_AIFI_Olink
SERPINA9,Q86WD7,OID21284,Oncology,Allen_AIFI_Olink
SERPINB1,P30740,OID21088,Neurology,Allen_AIFI_Olink
SERPINB5,P36952,OID20064,Cardiometabolic,Allen_AIFI_Olink
SERPINB6,P35237,OID21023,Neurology,Allen_AIFI_Olink
SERPINB8,P50452,OID20630,Inflammation,Allen_AIFI_Olink
SERPINB9,P50453,OID20932,Neurology,Allen_AIFI_Olink
SERPINC1,P01008,OID30789,Inflammation_II,Allen_AIFI_Olink
SERPIND1,P05546,OID30767,Inflammation_II,Allen_AIFI_Olink
SERPINE1,P05121,OID20342,Cardiometabolic,Allen_AIFI_Olink
SERPINE2,P07093,OID30359,Cardiometabolic_II,Allen_AIFI_Olink
SERPINF1,P36955,OID30757,Inflammation_II,Allen_AIFI_Olink
SERPINF2,P08697,OID30779,Inflammation_II,Allen_AIFI_Olink
SERPING1,P05155,OID30777,Inflammation_II,Allen_AIFI_Olink
SERPINH1,P50454,OID31322,Oncology_II,Allen_AIFI_Olink
SERPINI1,Q99574,OID30604,Inflammation_II,Allen_AIFI_Olink
SERPINI2,O75830,OID31504,Oncology_II,Allen_AIFI_Olink
SESTD1,Q86VW0,OID20790,Neurology,Allen_AIFI_Olink
SETMAR,Q53H47,OID20948,Neurology,Allen_AIFI_Olink
SEZ6,Q53EL9,OID30968,Neurology_II,Allen_AIFI_Olink
SEZ6L,Q9BYH1,OID21488,Oncology,Allen_AIFI_Olink
SEZ6L2,Q6UXD5,OID21289,Oncology,Allen_AIFI_Olink
SF3B4,Q15427,OID21278,Oncology,Allen_AIFI_Olink
SFRP1,Q8N474,OID20984,Neurology,Allen_AIFI_Olink
SFRP4,Q6FHJ7,OID30648,Inflammation_II,Allen_AIFI_Olink
SFTPA1,Q8IWL2,OID21165,Oncology,Allen_AIFI_Olink
SFTPA2,Q8IWL1,OID21218,Oncology,Allen_AIFI_Olink
SFTPD,P35247,OID20214,Cardiometabolic,Allen_AIFI_Olink
SGSH,P51688,OID30341,Cardiometabolic_II,Allen_AIFI_Olink
SH2B3,Q9UQQ2,OID21222,Oncology,Allen_AIFI_Olink
SH2D1A,O60880,OID20514,Inflammation,Allen_AIFI_Olink
SH3BGRL2,Q9UJC5,OID30863,Neurology_II,Allen_AIFI_Olink
SH3BP1,Q9Y3L3,OID31439,Oncology_II,Allen_AIFI_Olink
SH3GL3,Q99963,OID31334,Oncology_II,Allen_AIFI_Olink
SH3GLB2,Q9NR46,OID31145,Neurology_II,Allen_AIFI_Olink
SHBG,P04278,OID30685,Inflammation_II,Allen_AIFI_Olink
SHC1,P29353,OID31222,Oncology_II,Allen_AIFI_Olink
SHD,Q96IW2,OID30098,Cardiometabolic_II,Allen_AIFI_Olink
SHH,Q15465,OID30516,Inflammation_II,Allen_AIFI_Olink
SHISA5,Q8N114,OID30387,Cardiometabolic_II,Allen_AIFI_Olink
SHMT1,P34896,OID20714,Inflammation,Allen_AIFI_Olink
SHPK,Q9UHJ6,OID31292,Oncology_II,Allen_AIFI_Olink
SIAE,Q9HAT2,OID21503,Oncology,Allen_AIFI_Olink
SIGLEC1,Q9BZZ2,OID20690,Inflammation,Allen_AIFI_Olink
SIGLEC10,Q96LC7,OID20537,Inflammation,Allen_AIFI_Olink
SIGLEC15,Q6ZMC9,OID20812,Neurology,Allen_AIFI_Olink
SIGLEC5,O15389,OID21082,Neurology,Allen_AIFI_Olink
SIGLEC6,O43699,OID21394,Oncology,Allen_AIFI_Olink
SIGLEC7,Q9Y286,OID20190,Cardiometabolic,Allen_AIFI_Olink
SIGLEC8,Q9NYZ4,OID30261,Cardiometabolic_II,Allen_AIFI_Olink
SIGLEC9,Q9Y336,OID21390,Oncology,Allen_AIFI_Olink
SIL1,Q9H173,OID30207,Cardiometabolic_II,Allen_AIFI_Olink
SIRPA,P78324,OID20304,Cardiometabolic,Allen_AIFI_Olink
SIRPB1,O00241,OID20739,Inflammation,Allen_AIFI_Olink
SIRT1,Q96EB6,OID30439,Inflammation_II,Allen_AIFI_Olink
SIRT2,Q8IXJ6,OID21375,Oncology,Allen_AIFI_Olink
SIRT5,Q9NXA8,OID20820,Neurology,Allen_AIFI_Olink
SIT1,Q9Y3P8,OID20462,Inflammation,Allen_AIFI_Olink
SKAP1,Q86WV1,OID20906,Neurology,Allen_AIFI_Olink
SKAP2,O75563,OID20761,Inflammation,Allen_AIFI_Olink
SKIV2L,Q15477,OID30056,Cardiometabolic_II,Allen_AIFI_Olink
SLA2,Q9H6Q3,OID31017,Neurology_II,Allen_AIFI_Olink
SLAMF1,Q13291,OID20496,Inflammation,Allen_AIFI_Olink
SLAMF6,Q96DU3,OID21254,Oncology,Allen_AIFI_Olink
SLAMF7,Q9NQ25,OID20602,Inflammation,Allen_AIFI_Olink
SLAMF8,Q9P0V8,OID21214,Oncology,Allen_AIFI_Olink
SLC12A2,P55011,OID30077,Cardiometabolic_II,Allen_AIFI_Olink
SLC13A1,Q9BZW2,OID31388,Oncology_II,Allen_AIFI_Olink
SLC16A1,P53985,OID20799,Neurology,Allen_AIFI_Olink
SLC1A4,P43007,OID30926,Neurology_II,Allen_AIFI_Olink
SLC27A4,Q6P1M0,OID20814,Neurology,Allen_AIFI_Olink
SLC28A1,O00337,OID31220,Oncology_II,Allen_AIFI_Olink
SLC34A3,Q8N130,OID31203,Oncology_II,Allen_AIFI_Olink
SLC39A14,Q15043,OID20852,Neurology,Allen_AIFI_Olink
SLC39A5,Q6ZMH5,OID20539,Inflammation,Allen_AIFI_Olink
SLC44A4,Q53GD3,OID30897,Neurology_II,Allen_AIFI_Olink
SLC4A1,P02730,OID30369,Cardiometabolic_II,Allen_AIFI_Olink
SLC51B,Q86UW2,OID30107,Cardiometabolic_II,Allen_AIFI_Olink
SLC9A3R1,O14745,OID30630,Inflammation_II,Allen_AIFI_Olink
SLC9A3R2,Q15599,OID31445,Oncology_II,Allen_AIFI_Olink
SLIRP,Q9GZT3,OID31174,Oncology_II,Allen_AIFI_Olink
SLIT2,O94813,OID20862,Neurology,Allen_AIFI_Olink
SLITRK1,Q96PX8,OID30510,Inflammation_II,Allen_AIFI_Olink
SLITRK2,Q9H156,OID21409,Oncology,Allen_AIFI_Olink
SLITRK6,Q9H5Y7,OID20094,Cardiometabolic,Allen_AIFI_Olink
SLK,Q9H2G2,OID31282,Oncology_II,Allen_AIFI_Olink
SLMAP,Q14BN4,OID31441,Oncology_II,Allen_AIFI_Olink
SLURP1,P55000,OID30404,Cardiometabolic_II,Allen_AIFI_Olink
SMAD1,Q15797,OID21180,Oncology,Allen_AIFI_Olink
SMAD2,Q15796,OID31353,Oncology_II,Allen_AIFI_Olink
SMAD3,P84022,OID31418,Oncology_II,Allen_AIFI_Olink
SMAD5,Q99717,OID21353,Oncology,Allen_AIFI_Olink
SMARCA2,P51531,OID20796,Neurology,Allen_AIFI_Olink
SMC3,Q9UQE7,OID31195,Oncology_II,Allen_AIFI_Olink
SMNDC1,O75940,OID31471,Oncology_II,Allen_AIFI_Olink
SMOC1,Q9H4F8,OID21461,Oncology,Allen_AIFI_Olink
SMOC2,Q9H3U7,OID20730,Inflammation,Allen_AIFI_Olink
SMPD1,P17405,OID21028,Neurology,Allen_AIFI_Olink
SMPD3,Q9NY59,OID30477,Inflammation_II,Allen_AIFI_Olink
SMPDL3A,Q92484,OID20676,Inflammation,Allen_AIFI_Olink
SMPDL3B,Q92485,OID31387,Oncology_II,Allen_AIFI_Olink
SMS,P52788,OID30853,Neurology_II,Allen_AIFI_Olink
SMTN,P53814,OID31154,Neurology_II,Allen_AIFI_Olink
SNAP23,O00161,OID20218,Cardiometabolic,Allen_AIFI_Olink
SNAP25,P60880,OID30811,Neurology_II,Allen_AIFI_Olink
SNAP29,O95721,OID21506,Oncology,Allen_AIFI_Olink
SNAPIN,O95295,OID31019,Neurology_II,Allen_AIFI_Olink
SNCA,P37840,OID30645,Inflammation_II,Allen_AIFI_Olink
SNCG,O76070,OID20971,Neurology,Allen_AIFI_Olink
SNED1,Q8TER0,OID30205,Cardiometabolic_II,Allen_AIFI_Olink
SNRPB2,P08579,OID31132,Neurology_II,Allen_AIFI_Olink
SNU13,P55769,OID30052,Cardiometabolic_II,Allen_AIFI_Olink
SNX15,Q9NRS6,OID30644,Inflammation_II,Allen_AIFI_Olink
SNX18,Q96RF0,OID31476,Oncology_II,Allen_AIFI_Olink
SNX2,O60749,OID31374,Oncology_II,Allen_AIFI_Olink
SNX5,Q9Y5X3,OID30215,Cardiometabolic_II,Allen_AIFI_Olink
SNX9,Q9Y5X1,OID20135,Cardiometabolic,Allen_AIFI_Olink
SOD1,P00441,OID20386,Cardiometabolic,Allen_AIFI_Olink
SOD2,P04179,OID21114,Neurology,Allen_AIFI_Olink
SOD3,P08294,OID30683,Inflammation_II,Allen_AIFI_Olink
SORBS1,Q9BX66,OID30978,Neurology_II,Allen_AIFI_Olink
SORCS2,Q96PQ0,OID21262,Oncology,Allen_AIFI_Olink
SORD,Q00796,OID21453,Oncology,Allen_AIFI_Olink
SORT1,Q99523,OID20213,Cardiometabolic,Allen_AIFI_Olink
SOST,Q9BQB4,OID20204,Cardiometabolic,Allen_AIFI_Olink
SOWAHA,Q2M3V2,OID30888,Neurology_II,Allen_AIFI_Olink
SOX2,P48431,OID30981,Neurology_II,Allen_AIFI_Olink
SOX9,P48436,OID30905,Neurology_II,Allen_AIFI_Olink
SPACA5_SPACA5B,Q96QH8,OID30990,Neurology_II,Allen_AIFI_Olink
SPAG1,Q07617,OID30979,Neurology_II,Allen_AIFI_Olink
SPARC,P09486,OID21511,Oncology,Allen_AIFI_Olink
SPARCL1,Q14515,OID20361,Cardiometabolic,Allen_AIFI_Olink
SPART,Q8N0X7,OID30656,Inflammation_II,Allen_AIFI_Olink
SPESP1,Q6UW49,OID30298,Cardiometabolic_II,Allen_AIFI_Olink
SPINK1,P00995,OID21097,Neurology,Allen_AIFI_Olink
SPINK2,P20155,OID30627,Inflammation_II,Allen_AIFI_Olink
SPINK4,O60575,OID20509,Inflammation,Allen_AIFI_Olink
SPINK5,Q9NQ38,OID21148,Neurology,Allen_AIFI_Olink
SPINK6,Q6UWN8,OID21450,Oncology,Allen_AIFI_Olink
SPINK8,P0C7L1,OID30153,Cardiometabolic_II,Allen_AIFI_Olink
SPINT1,O43278,OID21109,Neurology,Allen_AIFI_Olink
SPINT2,O43291,OID20720,Inflammation,Allen_AIFI_Olink
SPINT3,P49223,OID31509,Oncology_II,Allen_AIFI_Olink
SPOCK1,Q08629,OID20924,Neurology,Allen_AIFI_Olink
SPON1,Q9HCB6,OID20759,Inflammation,Allen_AIFI_Olink
SPON2,Q9BUD6,OID20221,Cardiometabolic,Allen_AIFI_Olink
SPP1,P10451,OID20322,Cardiometabolic,Allen_AIFI_Olink
SPRED2,Q7Z698,OID30423,Inflammation_II,Allen_AIFI_Olink
SPRING1,Q9H741,OID31197,Oncology_II,Allen_AIFI_Olink
SPRR1B,P22528,OID31296,Oncology_II,Allen_AIFI_Olink
SPRR3,Q9UBC9,OID31131,Neurology_II,Allen_AIFI_Olink
SPRY2,O43597,OID20475,Inflammation,Allen_AIFI_Olink
SPTBN2,O15020,OID30876,Neurology_II,Allen_AIFI_Olink
SPTLC1,O15269,OID31086,Neurology_II,Allen_AIFI_Olink
SRC,P12931,OID21521,Oncology,Allen_AIFI_Olink
SRP14,P37108,OID21324,Oncology,Allen_AIFI_Olink
SRPK2,P78362,OID20502,Inflammation,Allen_AIFI_Olink
SRPX,P78539,OID30310,Cardiometabolic_II,Allen_AIFI_Olink
SSB,P05455,OID20818,Neurology,Allen_AIFI_Olink
SSBP1,Q04837,OID30468,Inflammation_II,Allen_AIFI_Olink
SSC4D,Q8WTU2,OID20182,Cardiometabolic,Allen_AIFI_Olink
SSC5D,A1L4H1,OID20351,Cardiometabolic,Allen_AIFI_Olink
SSH3,Q8TE77,OID31216,Oncology_II,Allen_AIFI_Olink
SSNA1,O43805,OID31453,Oncology_II,Allen_AIFI_Olink
ST13,P50502,OID30624,Inflammation_II,Allen_AIFI_Olink
ST3GAL1,Q11201,OID21322,Oncology,Allen_AIFI_Olink
ST6GAL1,P15907,OID20302,Cardiometabolic,Allen_AIFI_Olink
ST8SIA1,Q92185,OID30442,Inflammation_II,Allen_AIFI_Olink
STAB2,Q8WWQ8,OID30401,Cardiometabolic_II,Allen_AIFI_Olink
STAM,Q92783,OID31425,Oncology_II,Allen_AIFI_Olink
STAMBP,O95630,OID20955,Neurology,Allen_AIFI_Olink
STAT2,P52630,OID30536,Inflammation_II,Allen_AIFI_Olink
STAT5B,P51692,OID21277,Oncology,Allen_AIFI_Olink
STAU1,O95793,OID31210,Oncology_II,Allen_AIFI_Olink
STC1,P52823,OID21014,Neurology,Allen_AIFI_Olink
STC2,O76061,OID21157,Neurology,Allen_AIFI_Olink
STEAP4,Q687X5,OID30846,Neurology_II,Allen_AIFI_Olink
STIP1,P31948,OID21077,Neurology,Allen_AIFI_Olink
STK11,Q15831,OID20077,Cardiometabolic,Allen_AIFI_Olink
STK24,Q9Y6E0,OID20837,Neurology,Allen_AIFI_Olink
STK4,Q13043,OID20140,Cardiometabolic,Allen_AIFI_Olink
STOML2,Q9UJZ1,OID31183,Oncology_II,Allen_AIFI_Olink
STX16,O14662,OID21170,Oncology,Allen_AIFI_Olink
STX1B,P61266,OID30934,Neurology_II,Allen_AIFI_Olink
STX3,Q13277,OID31090,Neurology_II,Allen_AIFI_Olink
STX4,Q12846,OID21326,Oncology,Allen_AIFI_Olink
STX5,Q13190,OID30432,Inflammation_II,Allen_AIFI_Olink
STX6,O43752,OID21219,Oncology,Allen_AIFI_Olink
STX7,O15400,OID30560,Inflammation_II,Allen_AIFI_Olink
STX8,Q9UNK0,OID20531,Inflammation,Allen_AIFI_Olink
STXBP1,P61764,OID31054,Neurology_II,Allen_AIFI_Olink
STXBP3,O00186,OID21240,Oncology,Allen_AIFI_Olink
SUGP1,Q8IWZ8,OID31524,Oncology_II,Allen_AIFI_Olink
SUGT1,Q9Y2Z0,OID21229,Oncology,Allen_AIFI_Olink
SULT1A1,P50225,OID21031,Neurology,Allen_AIFI_Olink
SULT2A1,Q06520,OID20508,Inflammation,Allen_AIFI_Olink
SUMF1,Q8NBK3,OID30486,Inflammation_II,Allen_AIFI_Olink
SUMF2,Q8NBJ7,OID21032,Neurology,Allen_AIFI_Olink
SUOX,P51687,OID31031,Neurology_II,Allen_AIFI_Olink
SUSD1,Q6UWL2,OID20072,Cardiometabolic,Allen_AIFI_Olink
SUSD2,Q9UGT4,OID21098,Neurology,Allen_AIFI_Olink
SUSD4,Q5VX71,OID31398,Oncology_II,Allen_AIFI_Olink
SUSD5,O60279,OID30650,Inflammation_II,Allen_AIFI_Olink
SV2A,Q7L0J3,OID30965,Neurology_II,Allen_AIFI_Olink
SWAP70,Q9UH65,OID31477,Oncology_II,Allen_AIFI_Olink
SYAP1,Q96A49,OID30636,Inflammation_II,Allen_AIFI_Olink
SYNGAP1,Q96PV0,OID30797,Neurology_II,Allen_AIFI_Olink
SYT1,P21579,OID31089,Neurology_II,Allen_AIFI_Olink
SYTL4,Q96C24,OID30339,Cardiometabolic_II,Allen_AIFI_Olink
TAB2,Q9NYJ8,OID31319,Oncology_II,Allen_AIFI_Olink
TACC3,Q9Y6A5,OID21285,Oncology,Allen_AIFI_Olink
TACSTD2,P09758,OID21447,Oncology,Allen_AIFI_Olink
TADA3,O75528,OID31422,Oncology_II,Allen_AIFI_Olink
TAFA5,Q7Z5A7,OID21321,Oncology,Allen_AIFI_Olink
TAGLN3,Q9UI15,OID31225,Oncology_II,Allen_AIFI_Olink
TALDO1,P37837,OID30414,Cardiometabolic_II,Allen_AIFI_Olink
TANK,Q92844,OID20474,Inflammation,Allen_AIFI_Olink
TAP1,Q03518,OID31289,Oncology_II,Allen_AIFI_Olink
TARBP2,Q15633,OID20870,Neurology,Allen_AIFI_Olink
TARM1,B6A8C7,OID30937,Neurology_II,Allen_AIFI_Olink
TARS1,P26639,OID31343,Oncology_II,Allen_AIFI_Olink
TAX1BP1,Q86VP1,OID31075,Neurology_II,Allen_AIFI_Olink
TBC1D17,Q9HA65,OID20844,Neurology,Allen_AIFI_Olink
TBC1D23,Q9NUY8,OID21286,Oncology,Allen_AIFI_Olink
TBC1D5,Q92609,OID20521,Inflammation,Allen_AIFI_Olink
TBCA,O75347,OID30616,Inflammation_II,Allen_AIFI_Olink
TBCB,Q99426,OID20993,Neurology,Allen_AIFI_Olink
TBCC,Q15814,OID20942,Neurology,Allen_AIFI_Olink
TBL1X,O60907,OID21220,Oncology,Allen_AIFI_Olink
TBR1,Q16650,OID30923,Neurology_II,Allen_AIFI_Olink
TCL1A,P56279,OID20987,Neurology,Allen_AIFI_Olink
TCL1B,O95988,OID20058,Cardiometabolic,Allen_AIFI_Olink
TCN1,P20061,OID30687,Inflammation_II,Allen_AIFI_Olink
TCN2,P20062,OID20341,Cardiometabolic,Allen_AIFI_Olink
TCOF1,Q13428,OID30316,Cardiometabolic_II,Allen_AIFI_Olink
TCP11,Q8WWU5,OID31267,Oncology_II,Allen_AIFI_Olink
TCTN3,Q6NUS6,OID30326,Cardiometabolic_II,Allen_AIFI_Olink
TDGF1,P13385,OID20816,Neurology,Allen_AIFI_Olink
TDO2,P48775,OID30910,Neurology_II,Allen_AIFI_Olink
TDP1,Q9NUW8,OID31403,Oncology_II,Allen_AIFI_Olink
TDRKH,Q9Y2W6,OID20875,Neurology,Allen_AIFI_Olink
TEF,Q10587,OID30103,Cardiometabolic_II,Allen_AIFI_Olink
TEK,Q02763,OID21496,Oncology,Allen_AIFI_Olink
TERF1,P54274,OID30480,Inflammation_II,Allen_AIFI_Olink
TET2,Q6N021,OID31266,Oncology_II,Allen_AIFI_Olink
TEX101,Q9BY14,OID30971,Neurology_II,Allen_AIFI_Olink
TEX33,O43247,OID31280,Oncology_II,Allen_AIFI_Olink
TF,P02787,OID30783,Inflammation_II,Allen_AIFI_Olink
TFAP2A,P05549,OID30848,Neurology_II,Allen_AIFI_Olink
TFF1,P04155,OID21154,Neurology,Allen_AIFI_Olink
TFF2,Q03403,OID20787,Inflammation,Allen_AIFI_Olink
TFF3,Q07654,OID20371,Cardiometabolic,Allen_AIFI_Olink
TFPI,P10646,OID20388,Cardiometabolic,Allen_AIFI_Olink
TFPI2,P48307,OID21512,Oncology,Allen_AIFI_Olink
TFRC,P02786,OID20369,Cardiometabolic,Allen_AIFI_Olink
TG,P01266,OID31359,Oncology_II,Allen_AIFI_Olink
TGFA,P01135,OID20600,Inflammation,Allen_AIFI_Olink
TGFB1,P01137,OID20621,Inflammation,Allen_AIFI_Olink
TGFB2,P61812,OID31417,Oncology_II,Allen_AIFI_Olink
TGFBI,Q15582,OID20417,Cardiometabolic,Allen_AIFI_Olink
TGFBR1,P36897,OID30502,Inflammation_II,Allen_AIFI_Olink
TGFBR2,P37173,OID21493,Oncology,Allen_AIFI_Olink
TGFBR3,Q03167,OID20255,Cardiometabolic,Allen_AIFI_Olink
TGM2,P21980,OID20141,Cardiometabolic,Allen_AIFI_Olink
TGOLN2,O43493,OID30691,Inflammation_II,Allen_AIFI_Olink
THAP12,O43422,OID31238,Oncology_II,Allen_AIFI_Olink
THBD,P07204,OID20231,Cardiometabolic,Allen_AIFI_Olink
THBS2,P35442,OID21104,Neurology,Allen_AIFI_Olink
THBS4,P35443,OID20368,Cardiometabolic,Allen_AIFI_Olink
THOP1,P52888,OID20194,Cardiometabolic,Allen_AIFI_Olink
THPO,P40225,OID20098,Cardiometabolic,Allen_AIFI_Olink
THRAP3,Q9Y2W1,OID30053,Cardiometabolic_II,Allen_AIFI_Olink
THSD1,Q9NS62,OID30476,Inflammation_II,Allen_AIFI_Olink
THTPA,Q9BU02,OID31375,Oncology_II,Allen_AIFI_Olink
THY1,P04216,OID21050,Neurology,Allen_AIFI_Olink
TIA1,P31483,OID20068,Cardiometabolic,Allen_AIFI_Olink
TIE1,P35590,OID20303,Cardiometabolic,Allen_AIFI_Olink
TIGAR,Q9NQ88,OID20894,Neurology,Allen_AIFI_Olink
TIGIT,Q495A1,OID31320,Oncology_II,Allen_AIFI_Olink
TIMD4,Q96H15,OID20375,Cardiometabolic,Allen_AIFI_Olink
TIMM10,P62072,OID30358,Cardiometabolic_II,Allen_AIFI_Olink
TIMM8A,O60220,OID31143,Neurology_II,Allen_AIFI_Olink
TIMP1,P01033,OID20418,Cardiometabolic,Allen_AIFI_Olink
TIMP2,P16035,OID30318,Cardiometabolic_II,Allen_AIFI_Olink
TIMP3,P35625,OID20684,Inflammation,Allen_AIFI_Olink
TIMP4,Q99727,OID21147,Neurology,Allen_AIFI_Olink
TINAGL1,Q9GZM7,OID20180,Cardiometabolic,Allen_AIFI_Olink
TJAP1,Q5JTD0,OID21477,Oncology,Allen_AIFI_Olink
TJP3,O95049,OID30798,Neurology_II,Allen_AIFI_Olink
TK1,P04183,OID31294,Oncology_II,Allen_AIFI_Olink
TLR1,Q15399,OID30532,Inflammation_II,Allen_AIFI_Olink
TLR2,O60603,OID31290,Oncology_II,Allen_AIFI_Olink
TLR3,O15455,OID20612,Inflammation,Allen_AIFI_Olink
TLR4,O00206,OID30428,Inflammation_II,Allen_AIFI_Olink
TMCO5A,Q8N6Q1,OID30940,Neurology_II,Allen_AIFI_Olink
TMED1,Q13445,OID31278,Oncology_II,Allen_AIFI_Olink
TMED10,P49755,OID30068,Cardiometabolic_II,Allen_AIFI_Olink
TMED4,Q7Z7H5,OID30154,Cardiometabolic_II,Allen_AIFI_Olink
TMED8,Q6PL24,OID31462,Oncology_II,Allen_AIFI_Olink
TMEM106A,Q96A25,OID31411,Oncology_II,Allen_AIFI_Olink
TMEM132A,Q24JP5,OID30287,Cardiometabolic_II,Allen_AIFI_Olink
TMEM25,Q86YD3,OID31015,Neurology_II,Allen_AIFI_Olink
TMOD4,Q9NZQ9,OID31246,Oncology_II,Allen_AIFI_Olink
TMPRSS11B,Q86T26,OID30852,Neurology_II,Allen_AIFI_Olink
TMPRSS11D,O60235,OID31103,Neurology_II,Allen_AIFI_Olink
TMPRSS15,P98073,OID21364,Oncology,Allen_AIFI_Olink
TMPRSS5,Q9H3S3,OID20947,Neurology,Allen_AIFI_Olink
TMSB10,P63313,OID21118,Neurology,Allen_AIFI_Olink
TNC,P24821,OID20359,Cardiometabolic,Allen_AIFI_Olink
TNF,P01375,OID20074,Cardiometabolic,Allen_AIFI_Olink
TNF,P01375,OID20473,Inflammation,Allen_AIFI_Olink
TNF,P01375,OID20848,Neurology,Allen_AIFI_Olink
TNF,P01375,OID21237,Oncology,Allen_AIFI_Olink
TNFAIP2,Q03169,OID31446,Oncology_II,Allen_AIFI_Olink
TNFAIP8,O95379,OID20433,Inflammation,Allen_AIFI_Olink
TNFAIP8L2,Q6P589,OID30629,Inflammation_II,Allen_AIFI_Olink
TNFRSF10A,O00220,OID20967,Neurology,Allen_AIFI_Olink
TNFRSF10B,O14763,OID20981,Neurology,Allen_AIFI_Olink
TNFRSF10C,O14798,OID20265,Cardiometabolic,Allen_AIFI_Olink
TNFRSF11A,Q9Y6Q6,OID20646,Inflammation,Allen_AIFI_Olink
TNFRSF11B,O00300,OID20735,Inflammation,Allen_AIFI_Olink
TNFRSF12A,Q9NP84,OID21482,Oncology,Allen_AIFI_Olink
TNFRSF13B,O14836,OID20702,Inflammation,Allen_AIFI_Olink
TNFRSF13C,Q96RJ3,OID20480,Inflammation,Allen_AIFI_Olink
TNFRSF14,Q92956,OID20783,Inflammation,Allen_AIFI_Olink
TNFRSF17,Q02223,OID30589,Inflammation_II,Allen_AIFI_Olink
TNFRSF19,Q9NS68,OID21446,Oncology,Allen_AIFI_Olink
TNFRSF1A,P19438,OID21155,Neurology,Allen_AIFI_Olink
TNFRSF1B,P20333,OID21145,Neurology,Allen_AIFI_Olink
TNFRSF21,O75509,OID21052,Neurology,Allen_AIFI_Olink
TNFRSF4,P43489,OID20653,Inflammation,Allen_AIFI_Olink
TNFRSF6B,O95407,OID20964,Neurology,Allen_AIFI_Olink
TNFRSF8,P28908,OID21049,Neurology,Allen_AIFI_Olink
TNFRSF9,Q07011,OID20985,Neurology,Allen_AIFI_Olink
TNFSF10,P50591,OID20611,Inflammation,Allen_AIFI_Olink
TNFSF11,O14788,OID20592,Inflammation,Allen_AIFI_Olink
TNFSF12,O43508,OID20624,Inflammation,Allen_AIFI_Olink
TNFSF13,O75888,OID20733,Inflammation,Allen_AIFI_Olink
TNFSF13B,Q9Y275,OID20272,Cardiometabolic,Allen_AIFI_Olink
TNFSF14,O43557,OID20953,Neurology,Allen_AIFI_Olink
TNFSF8,P32971,OID30384,Cardiometabolic_II,Allen_AIFI_Olink
TNFSF9,P41273,OID30435,Inflammation_II,Allen_AIFI_Olink
TNIP1,Q15025,OID31120,Neurology_II,Allen_AIFI_Olink
TNN,Q9UQP3,OID30412,Cardiometabolic_II,Allen_AIFI_Olink
TNNI3,P19429,OID20050,Cardiometabolic,Allen_AIFI_Olink
TNPO1,Q92973,OID31330,Oncology_II,Allen_AIFI_Olink
TNR,Q92752,OID20957,Neurology,Allen_AIFI_Olink
TNXB,P22105,OID21107,Neurology,Allen_AIFI_Olink
TOM1L2,Q6ZVM7,OID31057,Neurology_II,Allen_AIFI_Olink
TOMM20,Q15388,OID30353,Cardiometabolic_II,Allen_AIFI_Olink
TOP1,P11387,OID31449,Oncology_II,Allen_AIFI_Olink
TOP1MT,Q969P6,OID31233,Oncology_II,Allen_AIFI_Olink
TOP2B,Q02880,OID30559,Inflammation_II,Allen_AIFI_Olink
TOR1AIP1,Q5JTV8,OID30195,Cardiometabolic_II,Allen_AIFI_Olink
TP53,P04637,OID21232,Oncology,Allen_AIFI_Olink
TP53BP1,Q12888,OID30470,Inflammation_II,Allen_AIFI_Olink
TP53I3,Q53FA7,OID30632,Inflammation_II,Allen_AIFI_Olink
TP53INP1,Q96A56,OID20120,Cardiometabolic,Allen_AIFI_Olink
TP73,O15350,OID30879,Neurology_II,Allen_AIFI_Olink
TPBGL,P0DKB5,OID30928,Neurology_II,Allen_AIFI_Olink
TPD52L2,O43399,OID30609,Inflammation_II,Allen_AIFI_Olink
TPK1,Q9H3S4,OID30338,Cardiometabolic_II,Allen_AIFI_Olink
TPM3,P06753,OID30058,Cardiometabolic_II,Allen_AIFI_Olink
TPMT,P51580,OID21270,Oncology,Allen_AIFI_Olink
TPP1,O14773,OID20750,Inflammation,Allen_AIFI_Olink
TPPP2,P59282,OID31274,Oncology_II,Allen_AIFI_Olink
TPPP3,Q9BW30,OID20842,Neurology,Allen_AIFI_Olink
TPR,P12270,OID30143,Cardiometabolic_II,Allen_AIFI_Olink
TPRKB,Q9Y3C4,OID31234,Oncology_II,Allen_AIFI_Olink
TPSAB1,Q15661,OID20642,Inflammation,Allen_AIFI_Olink
TPSD1,Q9BZJ3,OID30982,Neurology_II,Allen_AIFI_Olink
TPSG1,Q9NRR2,OID30424,Inflammation_II,Allen_AIFI_Olink
TPT1,P13693,OID20476,Inflammation,Allen_AIFI_Olink
TRAF2,Q12933,OID20507,Inflammation,Allen_AIFI_Olink
TRAF3,Q13114-2,OID30479,Inflammation_II,Allen_AIFI_Olink
TRAF3IP2,O43734,OID30054,Cardiometabolic_II,Allen_AIFI_Olink
TRDMT1,O14717,OID31335,Oncology_II,Allen_AIFI_Olink
TREH,O43280,OID30388,Cardiometabolic_II,Allen_AIFI_Olink
TREM2,Q9NZC2,OID20731,Inflammation,Allen_AIFI_Olink
TREML1,Q86YW5,OID30682,Inflammation_II,Allen_AIFI_Olink
TREML2,Q5T2D2,OID21120,Neurology,Allen_AIFI_Olink
TRIAP1,O43715,OID21403,Oncology,Allen_AIFI_Olink
TRIM21,P19474,OID20533,Inflammation,Allen_AIFI_Olink
TRIM24,O15164,OID31271,Oncology_II,Allen_AIFI_Olink
TRIM25,Q14258,OID31482,Oncology_II,Allen_AIFI_Olink
TRIM26,Q12899,OID31207,Oncology_II,Allen_AIFI_Olink
TRIM40,Q6P9F5,OID30885,Neurology_II,Allen_AIFI_Olink
TRIM5,Q9C035,OID20526,Inflammation,Allen_AIFI_Olink
TRIM58,Q8NG06,OID31429,Oncology_II,Allen_AIFI_Olink
TRPV3,Q8NET8,OID30128,Cardiometabolic_II,Allen_AIFI_Olink
TSC1,Q92574,OID30478,Inflammation_II,Allen_AIFI_Olink
TSC22D1,Q15714,OID31016,Neurology_II,Allen_AIFI_Olink
TSHB,P01222,OID20129,Cardiometabolic,Allen_AIFI_Olink
TSLP,Q969D9,OID20056,Cardiometabolic,Allen_AIFI_Olink
TSNAX,Q99598,OID30185,Cardiometabolic_II,Allen_AIFI_Olink
TSPAN1,O60635,OID20078,Cardiometabolic,Allen_AIFI_Olink
TSPAN15,O95858,OID30095,Cardiometabolic_II,Allen_AIFI_Olink
TSPAN7,P41732,OID30810,Neurology_II,Allen_AIFI_Olink
TSPAN8,P19075,OID31470,Oncology_II,Allen_AIFI_Olink
TSPYL1,Q9H0U9,OID30512,Inflammation_II,Allen_AIFI_Olink
TST,Q16762,OID20868,Neurology,Allen_AIFI_Olink
TTF2,Q9UNY4,OID30942,Neurology_II,Allen_AIFI_Olink
TTN,Q8WZ42,OID30108,Cardiometabolic_II,Allen_AIFI_Olink
TTR,P02766,OID30782,Inflammation_II,Allen_AIFI_Olink
TUBB3,Q13509,OID30799,Neurology_II,Allen_AIFI_Olink
TWF2,Q6IBS0,OID30386,Cardiometabolic_II,Allen_AIFI_Olink
TXK,P42681,OID31262,Oncology_II,Allen_AIFI_Olink
TXLNA,P40222,OID20952,Neurology,Allen_AIFI_Olink
TXN,P10599,OID30670,Inflammation_II,Allen_AIFI_Olink
TXNDC15,Q96J42,OID21495,Oncology,Allen_AIFI_Olink
TXNDC5,Q8NBS9,OID21012,Neurology,Allen_AIFI_Olink
TXNDC9,O14530,OID31121,Neurology_II,Allen_AIFI_Olink
TXNL1,O43396,OID30872,Neurology_II,Allen_AIFI_Olink
TXNRD1,Q16881,OID21135,Neurology,Allen_AIFI_Olink
TYMP,P19971,OID20234,Cardiometabolic,Allen_AIFI_Olink
TYRO3,Q06418,OID20161,Cardiometabolic,Allen_AIFI_Olink
TYRP1,P17643,OID30517,Inflammation_II,Allen_AIFI_Olink
UBAC1,Q9BSL1,OID21336,Oncology,Allen_AIFI_Olink
UBE2B,P63146,OID31368,Oncology_II,Allen_AIFI_Olink
UBE2L6,O14933,OID30321,Cardiometabolic_II,Allen_AIFI_Olink
UBE2Z,Q9H832,OID30427,Inflammation_II,Allen_AIFI_Olink
UBQLN3,Q9H347,OID30096,Cardiometabolic_II,Allen_AIFI_Olink
UBXN1,Q04323,OID30654,Inflammation_II,Allen_AIFI_Olink
UFD1,Q92890,OID31486,Oncology_II,Allen_AIFI_Olink
UGDH,O60701,OID30081,Cardiometabolic_II,Allen_AIFI_Olink
UHRF2,Q96PU4,OID30171,Cardiometabolic_II,Allen_AIFI_Olink
ULBP2,Q9BZM5,OID20919,Neurology,Allen_AIFI_Olink
UMOD,P07911,OID20237,Cardiometabolic,Allen_AIFI_Olink
UNC5D,Q6UXZ4,OID30447,Inflammation_II,Allen_AIFI_Olink
UNC79,Q9P2D8,OID31181,Oncology_II,Allen_AIFI_Olink
UNG,P13051,OID31419,Oncology_II,Allen_AIFI_Olink
UPB1,Q9UBR1,OID30352,Cardiometabolic_II,Allen_AIFI_Olink
UPK3A,O75631,OID30794,Neurology_II,Allen_AIFI_Olink
UPK3BL1,B0FP48,OID31281,Oncology_II,Allen_AIFI_Olink
UROD,P06132,OID30603,Inflammation_II,Allen_AIFI_Olink
UROS,P10746,OID30964,Neurology_II,Allen_AIFI_Olink
USO1,O60763,OID21367,Oncology,Allen_AIFI_Olink
USP25,Q9UHP3,OID31428,Oncology_II,Allen_AIFI_Olink
USP28,Q96RU2,OID31084,Neurology_II,Allen_AIFI_Olink
USP47,Q96K76,OID30119,Cardiometabolic_II,Allen_AIFI_Olink
USP8,P40818,OID20110,Cardiometabolic,Allen_AIFI_Olink
UXS1,Q8NBZ7,OID21189,Oncology,Allen_AIFI_Olink
VAMP5,O95183,OID20071,Cardiometabolic,Allen_AIFI_Olink
VAMP8,Q9BV40,OID30555,Inflammation_II,Allen_AIFI_Olink
VASH1,Q7L8A9,OID20516,Inflammation,Allen_AIFI_Olink
VASN,Q6EMK4,OID20345,Cardiometabolic,Allen_AIFI_Olink
VASP,P50552,OID30692,Inflammation_II,Allen_AIFI_Olink
VAT1,Q99536,OID21382,Oncology,Allen_AIFI_Olink
VAV3,Q9UKW4,OID30795,Neurology_II,Allen_AIFI_Olink
VCAM1,P19320,OID20396,Cardiometabolic,Allen_AIFI_Olink
VCAN,P13611,OID21026,Neurology,Allen_AIFI_Olink
VCPKMT,Q9H867,OID31179,Oncology_II,Allen_AIFI_Olink
VEGFA,P15692,OID20650,Inflammation,Allen_AIFI_Olink
VEGFB,P49765,OID30554,Inflammation_II,Allen_AIFI_Olink
VEGFC,P49767,OID21524,Oncology,Allen_AIFI_Olink
VEGFD,O43915,OID20662,Inflammation,Allen_AIFI_Olink
VGF,O15240,OID31067,Neurology_II,Allen_AIFI_Olink
VIM,P08670,OID20053,Cardiometabolic,Allen_AIFI_Olink
VIPR1,P32241,OID30193,Cardiometabolic_II,Allen_AIFI_Olink
VIT,Q6UXI7,OID30334,Cardiometabolic_II,Allen_AIFI_Olink
VMO1,Q7Z5L0,OID21381,Oncology,Allen_AIFI_Olink
VNN1,O95497,OID30711,Inflammation_II,Allen_AIFI_Olink
VNN2,O95498,OID21310,Oncology,Allen_AIFI_Olink
VPS28,Q9UK41,OID31273,Oncology_II,Allen_AIFI_Olink
VPS37A,Q8NEZ2,OID21355,Oncology,Allen_AIFI_Olink
VPS4B,O75351,OID31386,Oncology_II,Allen_AIFI_Olink
VPS53,Q5VIR6,OID21281,Oncology,Allen_AIFI_Olink
VSIG10,Q8N0Z9,OID31400,Oncology_II,Allen_AIFI_Olink
VSIG10L,Q86VR7,OID30189,Cardiometabolic_II,Allen_AIFI_Olink
VSIG2,Q96IQ7,OID31371,Oncology_II,Allen_AIFI_Olink
VSIG4,Q9Y279,OID21144,Neurology,Allen_AIFI_Olink
VSIR,Q9H7M9,OID20131,Cardiometabolic,Allen_AIFI_Olink
VSNL1,P62760,OID31105,Neurology_II,Allen_AIFI_Olink
VSTM1,Q6UX27,OID20851,Neurology,Allen_AIFI_Olink
VSTM2B,A6NLU5,OID31272,Oncology_II,Allen_AIFI_Olink
VSTM2L,Q96N03,OID20067,Cardiometabolic,Allen_AIFI_Olink
VTA1,Q9NP79,OID21016,Neurology,Allen_AIFI_Olink
VTCN1,Q7Z7D3,OID21164,Oncology,Allen_AIFI_Olink
VTI1A,Q96AJ9,OID30640,Inflammation_II,Allen_AIFI_Olink
VWA1,Q6PCB0,OID21421,Oncology,Allen_AIFI_Olink
VWA5A,O00534,OID31198,Oncology_II,Allen_AIFI_Olink
VWC2,Q2TAL6,OID20936,Neurology,Allen_AIFI_Olink
VWC2L,B2RUY7,OID31002,Neurology_II,Allen_AIFI_Olink
VWF,P04275,OID20256,Cardiometabolic,Allen_AIFI_Olink
WARS,P23381,OID21084,Neurology,Allen_AIFI_Olink
WARS1,P23381,OID21084,Neurology,Allen_AIFI_Olink
WAS,P42768,OID20479,Inflammation,Allen_AIFI_Olink
WASF1,Q92558,OID20091,Cardiometabolic,Allen_AIFI_Olink
WASF3,Q9UPY6,OID20882,Neurology,Allen_AIFI_Olink
WASHC3,Q9Y3C0,OID31123,Neurology_II,Allen_AIFI_Olink
WASL,O00401,OID30467,Inflammation_II,Allen_AIFI_Olink
WDR46,O15213,OID31389,Oncology_II,Allen_AIFI_Olink
WFDC1,Q9HC57,OID31366,Oncology_II,Allen_AIFI_Olink
WFDC12,Q8WWY7,OID21462,Oncology,Allen_AIFI_Olink
WFDC2,Q14508,OID21505,Oncology,Allen_AIFI_Olink
WFIKKN1,Q96NZ8,OID20939,Neurology,Allen_AIFI_Olink
WFIKKN2,Q8TEU8,OID20785,Inflammation,Allen_AIFI_Olink
WIF1,Q9Y5W5,OID21464,Oncology,Allen_AIFI_Olink
WISP1,O95388,OID21444,Oncology,Allen_AIFI_Olink
WISP2,O76076,OID21068,Neurology,Allen_AIFI_Olink
WNT9A,O14904,OID20460,Inflammation,Allen_AIFI_Olink
WWP2,O00308,OID20926,Neurology,Allen_AIFI_Olink
XCL1,P47992,OID21398,Oncology,Allen_AIFI_Olink
XG,P55808,OID20259,Cardiometabolic,Allen_AIFI_Olink
XIAP,P98170,OID30490,Inflammation_II,Allen_AIFI_Olink
XPNPEP2,O43895,OID21508,Oncology,Allen_AIFI_Olink
XRCC4,Q13426,OID20869,Neurology,Allen_AIFI_Olink
YAP1,P46937,OID31113,Neurology_II,Allen_AIFI_Olink
YARS1,P54577,OID31494,Oncology_II,Allen_AIFI_Olink
YES1,P07947,OID21348,Oncology,Allen_AIFI_Olink
YJU2,Q9BW85,OID31404,Oncology_II,Allen_AIFI_Olink
YOD1,Q5VVQ6,OID30181,Cardiometabolic_II,Allen_AIFI_Olink
YTHDF3,Q7Z739,OID20478,Inflammation,Allen_AIFI_Olink
YWHAQ,P27348,OID30605,Inflammation_II,Allen_AIFI_Olink
YY1,P25490,OID30446,Inflammation_II,Allen_AIFI_Olink
ZBP1,Q9H171,OID30526,Inflammation_II,Allen_AIFI_Olink
ZBTB16,Q05516,OID21205,Oncology,Allen_AIFI_Olink
ZBTB17,Q13105,OID20082,Cardiometabolic,Allen_AIFI_Olink
ZCCHC8,Q6NZY4,OID30117,Cardiometabolic_II,Allen_AIFI_Olink
ZFYVE19,Q96K21,OID31452,Oncology_II,Allen_AIFI_Olink
ZHX2,Q9Y6X8,OID31140,Neurology_II,Allen_AIFI_Olink
ZNF174,Q15697,OID30508,Inflammation_II,Allen_AIFI_Olink
ZNF75D,P51815,OID31303,Oncology_II,Allen_AIFI_Olink
ZNF830,Q96NB3,OID31350,Oncology_II,Allen_AIFI_Olink
ZNRD2,O60232,OID31450,Oncology_II,Allen_AIFI_Olink
ZNRF4,Q8WWF5,OID31347,Oncology_II,Allen_AIFI_Olink
ZP3,P21754,OID30265,Cardiometabolic_II,Allen_AIFI_Olink
ZP4,Q12836,OID31185,Oncology_II,Allen_AIFI_Olink
ZPR1,O75312,OID30801,Neurology_II,Allen_AIFI_Olink
